amount,avg_txn_amount,amount_deviation,txn_frequency_24h,txn_hour,is_new_beneficiary,prior_suspicious_count,account_age_days,balance_to_amount_ratio,is_transfer,is_fraud
3582.25,4786.9,-0.2516,2,15,0,0,883,106.1739,1,0
3592.47,5956.92,-0.3969,3,20,0,0,691,38.4987,1,0
26640.89,22957.57,0.1604,0,16,0,0,204,2.5128,1,0
8406.54,14858.69,-0.4342,0,16,1,0,670,19.1715,0,0
14442.46,10640.99,0.3572,1,1,0,0,1513,24.8474,0,0
7312.1,7493.28,-0.0242,3,5,0,0,1893,36.1974,1,0
4639.84,6378.98,-0.2726,3,5,0,0,1310,33.8549,1,0
15532.14,17823.67,-0.1286,1,6,0,0,1701,8.6917,0,0
11218.18,10040.91,0.1172,2,8,1,0,1872,15.7652,0,0
20478.96,15179.24,0.3491,3,13,0,0,642,8.7442,0,0
15264.5,13207.2,0.1558,1,1,0,0,1185,21.5602,0,0
21120.08,20425.44,0.034,2,12,1,0,295,7.44,1,0
5898.25,10497.64,-0.4381,2,13,0,0,179,6.8966,1,0
20584.34,14982.13,0.3739,3,6,1,0,79,2.8649,0,0
6509.3,5283.44,0.232,3,0,0,0,823,16.7107,1,0
14904.16,16490.76,-0.0962,2,11,1,0,403,17.8739,0,0
17331.84,15687.2,0.1048,1,12,0,0,910,17.1549,0,0
25046.08,18654.88,0.3426,0,7,0,0,1382,4.5454,1,0
17723.9,16773.3,0.0567,3,6,0,0,268,7.5797,0,0
15432.86,13653.09,0.1303,2,22,0,0,1045,3.1897,1,0
9661.76,10754.61,-0.1016,1,0,0,0,1554,9.6786,1,0
15288.02,13094.12,0.1675,1,13,0,0,1760,10.5819,1,0
514.39,6472.09,-0.9204,1,18,0,0,1653,651.2216,1,0
1951.66,16310.13,-0.8803,2,23,0,0,1353,97.9171,0,0
33313.2,20022.15,0.6638,3,16,0,0,222,0.9367,1,0
17718.34,24769.51,-0.2847,0,8,0,0,676,15.8106,0,0
27472.13,24665.55,0.1138,0,6,0,0,1862,13.5527,0,0
10330.55,14874.88,-0.3055,0,17,0,0,1473,36.8876,0,0
9971.52,10075.3,-0.0103,0,20,0,0,149,24.7584,1,0
164176.32,4559.86,34.997,8,10,1,0,332,0.1436,1,1
22858.09,16473.52,0.3875,2,16,0,0,1047,16.6108,1,0
17802.62,16387.64,0.0863,3,7,0,0,1745,15.8233,1,0
6074.25,5632.13,0.0785,0,1,0,0,1005,38.547,1,0
7080.33,8986.26,-0.2121,2,8,0,0,736,26.5454,0,0
23021.52,22388.74,0.0283,2,7,0,0,999,3.191,1,0
7306.31,15073.69,-0.5153,3,6,0,0,646,40.5552,0,0
5819.27,9198.98,-0.3674,3,22,0,0,1670,28.3683,1,0
4313.3,5068.12,-0.1489,2,8,1,0,100,38.0927,0,0
9869.33,23554.77,-0.581,1,5,0,0,1526,23.6287,0,0
22003.82,21871.74,0.006,3,9,0,0,1541,5.918,1,0
3887.79,5548.02,-0.2992,3,16,0,0,1020,16.2374,1,0
9627.71,24638.11,-0.6092,3,10,0,0,923,3.587,1,0
1718.93,5602.73,-0.6931,0,16,0,0,1465,12.9317,1,0
12471.92,12676.99,-0.0162,2,10,1,0,552,17.2779,0,0
12769.02,13669.01,-0.0658,0,13,0,0,242,1.5672,0,0
3725.68,8892.68,-0.581,3,6,0,0,1353,71.4722,0,0
35928.41,22021.33,0.6315,0,7,1,0,1632,9.8788,1,0
12333.4,13898.45,-0.1126,2,19,0,0,1193,30.4767,1,0
12718.89,10726.42,0.1857,0,10,0,0,1102,20.9079,0,0
21292.26,24608.24,-0.1347,1,9,1,0,466,18.3544,1,0
10421.97,22861.1,-0.5441,1,6,0,0,384,27.9609,1,0
7508.49,16660.78,-0.5493,1,9,0,0,896,46.7801,1,0
12127.24,17297.04,-0.2989,2,10,0,0,1028,18.5193,1,0
13264.64,13792.12,-0.0382,2,4,0,0,1106,17.9122,0,0
8781.88,7678.14,0.1437,1,22,0,0,1979,22.7573,0,0
4203.77,5521.7,-0.2386,0,19,1,0,1154,65.3952,0,0
16095.46,20528.88,-0.2159,3,11,0,0,1539,22.0683,1,0
11819.38,14718.65,-0.197,0,10,0,0,886,7.2301,0,0
4053.42,3493.81,0.1601,1,6,0,0,1854,8.9766,1,0
25341.89,20756.73,0.2209,0,1,0,0,534,15.3401,0,0
5288.78,3893.95,0.3581,2,6,0,0,552,23.8314,0,0
6591.17,6974.61,-0.055,1,0,0,0,673,37.5686,0,0
8078.31,17701.73,-0.5436,2,7,0,0,1646,27.2528,1,0
19926.79,20364.98,-0.0215,3,12,0,0,1752,15.867,0,0
11457.13,6855.96,0.671,0,7,0,0,1676,18.1408,1,0
26100.64,21350.38,0.2225,0,5,0,0,1160,4.5207,0,0
19831.93,18338.53,0.0814,1,13,1,0,1967,6.8457,0,0
100,7779.61,-0.987,2,5,0,0,1599,2277.9513,1,0
18259.58,24014.31,-0.2396,3,11,1,0,357,11.22,0,0
21939.24,15869.53,0.3825,2,8,0,0,1528,14.6714,1,0
11219.66,13388.84,-0.162,1,10,1,0,1070,17.252,1,0
5082.83,11968.39,-0.5753,1,7,0,0,1867,57.9404,0,0
33997.32,23538.39,0.4443,2,7,0,0,1449,8.7352,1,0
17863.32,16077.54,0.1111,1,13,0,0,657,8.015,0,0
25993.36,14581.87,0.7825,1,10,0,0,1673,3.7145,1,0
14728.05,16532.35,-0.1091,2,12,1,0,154,18.3571,1,0
8429.3,6666.18,0.2644,3,2,1,0,752,22.3818,1,0
6042.93,5861.39,0.031,3,14,0,0,838,45.863,1,0
9405.39,5588.32,0.6829,2,6,1,0,1176,8.1585,1,0
21797.42,15281.46,0.4264,3,6,0,0,1685,6.0389,1,0
8102.2,7134.18,0.1357,1,17,0,0,1082,7.3703,1,0
34223.24,24298.53,0.4084,2,11,0,0,1458,10.0576,1,0
18701.17,16319.39,0.1459,0,19,0,0,1604,3.0846,1,0
6452.19,6063.17,0.0642,2,13,0,0,374,6.5946,0,0
9188.36,14163.34,-0.3512,1,8,0,0,539,8.9647,0,0
232371.19,10504.68,21.1187,3,23,1,0,394,0.1125,1,1
22112.11,19544.22,0.1314,0,16,0,0,1979,2.3119,0,0
2604.99,3095.43,-0.1584,3,18,0,0,1071,115.0277,1,0
4779.0,4546.16,0.0512,2,6,0,0,1551,12.7271,1,0
5570.29,4441.01,0.2542,2,7,0,0,106,24.3869,0,0
276589.84,8112.25,33.0913,7,2,0,1,279,0.192,1,1
7515.0,9599.85,-0.2172,2,7,0,0,1246,6.4464,1,0
30251.96,24820.42,0.2188,2,15,1,0,1463,2.3377,0,0
10896.39,10759.41,0.0127,1,10,0,0,351,3.5515,1,0
14274.1,11414.06,0.2505,3,10,0,0,1230,1.6851,0,0
81995.93,6909.87,10.8649,7,22,1,3,88,0.4478,1,1
3644.63,5835.54,-0.3754,0,15,0,0,1877,77.3555,1,0
5309.31,7881.33,-0.3263,0,5,0,0,961,13.8858,1,0
36412.85,24711.17,0.4735,2,14,0,0,1811,8.2119,1,0
7700.41,5861.15,0.3138,0,18,0,0,1623,29.0492,1,0
102574.91,7331.84,12.9886,7,20,1,1,71,0.3245,1,1
3501.57,4129.62,-0.152,0,9,0,0,982,108.5305,1,0
31252.2,22293.81,0.4018,0,13,0,0,440,4.4176,0,0
26736.2,14826.98,0.8032,2,21,0,0,1428,12.2203,0,0
13674.51,13472.97,0.015,3,14,0,0,619,6.9448,1,0
156887.64,9542.27,15.4397,8,23,1,2,25,0.2396,1,1
14453.4,11561.45,0.2501,1,17,0,0,190,21.2483,1,0
15134.99,13179.3,0.1484,3,10,0,0,1652,17.5472,0,0
18609.23,19311.47,-0.0364,1,7,0,0,1739,19.5666,0,0
15960.77,17016.05,-0.062,3,23,1,0,783,5.4038,1,0
9877.22,7825.06,0.2622,3,6,0,0,254,40.3984,0,0
5292.06,11896.63,-0.5551,3,6,0,0,278,21.716,0,0
3432.0,6056.17,-0.4332,0,16,0,0,957,70.1112,1,0
8691.19,7557.46,0.15,1,17,0,0,597,16.6647,1,0
12191.82,24425.62,-0.5008,2,7,0,0,912,13.6023,1,0
6940.1,10093.27,-0.3124,3,6,0,0,718,8.2315,0,0
25208.58,19376.03,0.301,2,19,0,0,1871,10.4214,1,0
14080.22,11462.59,0.2283,3,13,0,0,94,6.3973,1,0
7049.26,9310.4,-0.2428,3,10,0,0,315,24.2347,1,0
4091.25,3482.09,0.1749,0,10,0,0,106,51.7468,0,0
22062.29,18092.26,0.2194,3,19,0,0,1668,14.7554,1,0
12852.14,11717.28,0.0968,2,22,1,0,1368,21.1454,1,0
16238.08,17112.25,-0.0511,0,23,1,0,1666,22.3507,1,0
15974.16,12037.79,0.327,3,19,0,0,619,22.0324,1,0
14567.55,11238.14,0.2962,3,10,0,0,1385,25.2945,1,0
12309.36,10267.22,0.1989,0,12,0,0,974,16.6732,1,0
7042.65,5551.09,0.2687,3,16,0,0,777,29.9253,0,0
36380.21,23399.45,0.5547,0,17,0,0,140,9.6862,0,0
32243.39,21976.67,0.4671,1,12,0,0,1847,10.9905,0,0
2681.74,3144.93,-0.1472,3,10,0,0,204,125.7031,0,0
474538.52,14404.64,31.9412,5,1,1,0,357,0.0146,1,1
27122.49,21818.34,0.2431,3,10,1,0,1439,7.3208,1,0
15421.88,16427.3,-0.0612,1,12,0,0,559,22.2632,0,0
16142.55,20687.25,-0.2197,1,14,0,0,701,13.4634,1,0
5265.32,4195.47,0.2549,1,21,0,0,823,35.2483,0,0
20794.06,18867.54,0.1021,1,8,0,0,1420,12.0439,0,0
19890.26,19349.18,0.028,1,5,0,0,650,14.5539,1,0
10146.93,22512.13,-0.5492,1,7,0,0,1101,30.9003,0,0
15539.75,13072.22,0.1887,3,16,0,0,1843,15.1906,1,0
12841.34,10816.76,0.1872,1,16,0,0,1927,18.6583,1,0
23030.12,17942.46,0.2835,0,12,0,0,254,16.8653,0,0
6259.47,14915.33,-0.5803,1,20,0,0,775,33.9054,1,0
18619.05,13526.86,0.3764,1,16,0,0,686,20.2403,0,0
343984.45,12347.34,26.8568,8,22,1,0,48,0.0413,1,1
8243.43,11007.48,-0.2511,1,21,1,0,1162,44.8407,1,0
161191.69,5754.88,27.0049,4,1,1,0,167,0.1102,1,1
6610.86,5984.61,0.1046,3,14,0,0,1843,29.0969,0,0
12938.79,16055.01,-0.1941,3,14,0,0,1510,4.0092,1,0
4472.48,4561.85,-0.0196,1,4,0,0,706,58.0799,0,0
3493.5,3921.21,-0.109,1,8,0,0,1287,11.4906,1,0
21577.53,17104.14,0.2615,2,21,0,0,488,16.9603,0,0
1919.89,6224.96,-0.6915,3,16,0,0,1009,39.6464,1,0
16037.28,10798.41,0.4851,2,13,0,0,724,4.2028,1,0
6137.16,5637.83,0.0886,1,16,1,0,1863,23.0275,0,0
26271.47,22219.65,0.1823,1,12,1,0,711,3.4828,0,0
10086.81,16179.03,-0.3765,3,18,1,0,893,15.6396,0,0
14700.5,20726.85,-0.2907,3,14,0,0,391,1.3732,0,0
23579.83,23837.17,-0.0108,0,11,0,0,1650,12.5769,1,0
20120.93,15690.55,0.2823,3,8,0,0,1686,5.0155,1,0
207925.03,7191.65,27.9081,6,14,1,0,398,0.0468,1,1
18991.4,15600.85,0.2173,0,9,0,0,1715,15.8092,1,0
13381.43,15981.32,-0.1627,3,23,0,0,777,6.8856,1,0
13547.88,11414.96,0.1868,3,13,0,0,1899,21.4838,1,0
21882.16,16311.71,0.3415,2,11,0,0,905,17.2961,0,0
22922.18,19666.29,0.1655,1,12,0,0,929,2.2423,1,0
12526.23,23939.12,-0.4767,0,6,0,0,1487,27.123,1,0
264583.89,8078.27,31.7486,5,4,1,2,191,0.1484,1,1
13765.34,13304.68,0.0346,1,4,0,0,635,25.4034,1,0
11327.92,13138.63,-0.1378,3,15,0,0,573,10.7131,0,0
11000.15,11562.64,-0.0486,1,12,1,0,925,8.3119,0,0
115249.06,3955.28,28.1309,7,18,1,3,92,0.1999,1,1
17588.11,15013.9,0.1714,1,23,0,0,59,8.6572,0,0
8972.79,15065.92,-0.4044,2,16,0,0,247,18.862,0,0
12841.1,13900.32,-0.0762,3,17,0,0,961,21.1633,0,0
33719.32,20736.4,0.6261,0,12,0,0,671,1.0698,1,0
8308.41,8299.18,0.0011,0,5,0,0,171,28.3529,1,0
26412.94,19275.96,0.3702,2,6,0,0,1827,7.0314,0,0
10901.06,8263.58,0.3191,0,14,0,0,1283,7.9186,1,0
14948.09,17504.22,-0.146,3,17,1,0,235,20.347,0,0
895.86,5580.42,-0.8393,0,17,0,0,505,154.1392,1,0
2764.78,7922.94,-0.651,2,11,0,0,744,105.1572,0,0
28207.24,23694.88,0.1904,1,13,0,0,229,6.8429,0,0
4447.03,10395.7,-0.5722,2,5,0,0,1614,51.3256,1,0
9239.83,7599.9,0.2158,2,13,0,0,1160,18.4521,0,0
10680.51,16952.9,-0.37,0,10,1,0,1043,12.2729,0,0
5906.26,9648.83,-0.3878,3,14,0,0,1571,65.6345,1,0
13563.95,9797.96,0.3843,1,11,1,0,1607,21.2276,0,0
5329.49,5319.5,0.0019,3,16,0,0,161,66.5393,0,0
4435.91,7401.69,-0.4006,1,20,0,0,1087,43.3245,1,0
13378.0,22856.11,-0.4147,1,10,0,0,724,6.4511,0,0
409482.43,10815.62,36.8569,7,1,1,3,387,0.022,1,1
18560.18,13633.69,0.3613,0,23,0,0,1978,6.0855,0,0
4235.52,11516.75,-0.6322,1,11,0,0,312,38.5568,0,0
9488.83,13703.08,-0.3075,3,16,0,0,425,37.554,0,0
4161.73,6723.62,-0.381,1,11,1,0,508,78.0889,0,0
3672.8,3784.0,-0.0294,3,19,0,0,430,19.6016,0,0
7990.74,6449.34,0.239,1,5,1,0,1031,45.562,1,0
29273.83,23710.96,0.2346,0,7,0,0,131,8.4224,1,0
16381.7,18257.54,-0.1027,2,7,0,0,640,10.1173,1,0
12862.51,9608.65,0.3386,2,18,0,0,635,30.6286,1,0
40096.38,24606.55,0.6295,2,21,0,0,1521,4.9797,0,0
7136.64,9110.14,-0.2166,1,10,0,0,1712,44.5559,0,0
21172.37,18310.66,0.1563,0,15,0,0,1714,12.2011,0,0
3238.25,3832.38,-0.155,3,13,0,0,1954,44.8672,1,0
27162.79,23684.39,0.1469,2,23,0,0,424,9.5434,1,0
6558.66,7015.02,-0.065,2,14,1,0,1600,8.0551,0,0
24003.95,22058.02,0.0882,3,17,0,0,785,1.5031,0,0
20977.64,16185.15,0.2961,1,17,0,0,275,4.7796,0,0
17946.59,12170.94,0.4745,3,17,0,0,1303,8.742,0,0
13258.71,16508.11,-0.1968,0,7,0,0,77,22.7641,1,0
4184.54,4263.05,-0.0184,0,22,0,0,1071,49.5236,1,0
22114.52,15054.36,0.4689,2,13,0,0,1740,11.7555,1,0
12498.68,12426.95,0.0058,3,9,0,0,448,5.7818,1,0
3451.5,6202.54,-0.4435,1,7,0,0,813,93.0217,1,0
18820.57,21807.18,-0.1369,3,2,1,0,1932,3.4947,0,0
7624.24,6842.02,0.1143,1,16,0,0,401,28.467,0,0
21265.72,20156.26,0.055,1,8,0,0,71,4.9628,1,0
14855.31,11755.34,0.2637,1,17,0,0,173,9.2269,1,0
7927.96,5533.47,0.4327,2,7,0,0,332,38.5878,1,0
36406.26,21378.63,0.7029,3,17,0,0,1550,5.0932,0,0
15861.26,9420.55,0.6836,2,21,0,0,1649,16.5836,0,0
21875.19,12981.92,0.685,1,12,0,0,1310,5.4894,0,0
23891.54,20719.46,0.1531,1,16,0,0,635,11.3425,0,0
10106.14,21648.72,-0.5332,1,12,0,0,801,23.5585,0,0
12205.91,20252.81,-0.3973,1,16,0,0,1350,11.3972,1,0
13157.79,16161.7,-0.1859,2,12,0,0,215,25.196,0,0
14159.45,10092.45,0.4029,2,13,0,0,440,17.0943,1,0
6530.51,8452.29,-0.2273,1,21,1,0,885,57.0224,1,0
22656.1,20167.37,0.1234,3,11,0,0,1950,3.2524,0,0
20950.46,21611.27,-0.0306,1,11,0,0,423,3.8671,0,0
11229.32,11960.14,-0.0611,1,22,0,0,1065,7.5535,0,0
10213.06,7150.67,0.4282,3,8,0,0,1162,19.6209,1,0
5761.04,5314.18,0.0841,2,15,0,0,1395,51.7748,1,0
4079.11,7528.3,-0.4581,3,20,0,0,1560,72.1507,0,0
4298.55,4562.29,-0.0578,3,16,0,0,539,10.2752,1,0
3002.71,3711.1,-0.1908,3,19,0,0,884,92.2897,1,0
26754.72,17792.22,0.5037,2,16,0,0,1181,14.3582,0,0
23925.78,21777.14,0.0987,3,8,0,0,1335,13.6569,0,0
5028.45,8927.24,-0.4367,1,21,0,0,1022,18.176,1,0
7722.39,10869.4,-0.2895,0,9,1,0,811,36.3356,0,0
15370.31,10374.25,0.4815,1,7,0,0,889,5.3091,0,0
7285.62,15411.71,-0.5272,1,13,0,0,701,5.9655,1,0
11120.12,14836.12,-0.2505,2,13,0,0,319,8.7621,1,0
6506.22,5356.62,0.2146,1,14,1,0,36,17.3395,0,0
22584.51,12984.88,0.7392,0,3,0,0,911,4.542,0,0
5927.4,5044.16,0.1751,2,15,0,0,983,9.608,0,0
20128.74,18073.27,0.1137,1,14,0,0,1812,15.0322,0,0
17621.29,19541.96,-0.0983,3,17,0,0,1851,17.6767,1,0
278168.55,7020.61,38.6162,8,2,1,0,268,0.2033,1,1
4083.67,5336.05,-0.2347,0,8,0,0,228,27.3854,0,0
25553.29,18728.26,0.3644,1,16,0,0,35,8.6185,0,0
31793.12,18932.77,0.6792,2,5,0,0,571,12.3412,1,0
10250.13,11793.59,-0.1309,0,6,0,0,1418,10.9301,0,0
18238.22,15581.76,0.1705,0,20,0,0,962,13.4327,1,0
4540.88,6352.83,-0.2852,1,17,0,0,1806,71.7316,1,0
385024.08,13356.2,27.8253,5,0,1,3,372,0.0982,1,1
27636.51,22078.16,0.2517,1,4,0,0,856,12.0122,0,0
9204.2,6198.24,0.4849,2,9,0,0,253,3.5115,0,0
8030.29,6150.32,0.3056,1,11,0,0,1831,41.004,1,0
14140.96,11744.77,0.204,2,11,0,0,1556,20.4691,1,0
9277.39,6003.18,0.5453,2,21,0,0,1710,37.1483,0,0
1930.28,3998.13,-0.5171,1,13,0,0,348,177.0939,0,0
13704.09,15983.7,-0.1426,0,7,0,0,1076,8.0742,0,0
12402.15,13585.82,-0.0871,0,17,1,0,146,30.0565,0,0
16590.59,18161.23,-0.0865,0,9,0,0,1752,4.3987,0,0
31890.2,19579.07,0.6288,1,16,0,0,516,1.8482,1,0
5973.89,5204.57,0.1478,2,7,0,0,1570,61.4231,0,0
11838.31,9161.61,0.2921,3,7,0,0,993,20.4363,1,0
25771.33,21140.82,0.219,1,13,1,0,1830,9.6942,0,0
16082.71,14057.5,0.1441,1,7,0,0,404,3.848,1,0
38303.96,5261.29,6.2791,9,6,1,3,266,0.1944,1,1
5886.41,9501.93,-0.3805,1,12,0,0,1053,6.9192,1,0
8189.85,24627.91,-0.6674,0,16,0,0,1229,6.2967,0,0
23611.4,20311.98,0.1624,1,17,0,0,72,6.085,1,0
36682.33,23509.35,0.5603,2,20,0,0,778,5.8773,0,0
24821.07,15705.19,0.5804,2,10,0,0,1434,0.9539,1,0
19866.78,18066.63,0.0996,3,22,0,0,1034,5.9284,0,0
10722.9,14009.51,-0.2346,1,10,1,0,1631,29.6063,0,0
12209.54,8690.52,0.4049,0,9,0,0,363,27.4951,1,0
9336.29,8397.74,0.1117,1,6,0,0,72,11.3327,1,0
10182.54,11847.07,-0.1405,0,15,0,0,1307,19.0832,0,0
10365.62,15024.74,-0.3101,1,13,0,0,291,38.2058,0,0
10163.69,13632.15,-0.2544,2,8,0,0,728,12.5756,0,0
293717.86,10659.61,26.5518,7,18,1,3,114,0.0419,1,1
399816.03,10037.2,38.8295,6,23,1,1,217,0.08,1,1
6083.66,5553.97,0.0954,0,11,0,0,1461,64.415,0,0
6097.3,5368.54,0.1357,1,23,0,0,439,31.2897,0,0
19410.08,23085.44,-0.1592,1,8,0,0,1450,16.6044,0,0
12460.99,14647.19,-0.1492,3,17,1,0,249,2.1276,1,0
22563.37,16196.08,0.3931,0,16,0,0,1612,7.9143,1,0
6203.6,20574.67,-0.6984,3,11,0,0,52,20.5224,0,0
3735.35,18298.59,-0.7958,1,11,0,0,1709,99.9686,0,0
31305.42,23919.31,0.3088,1,8,0,0,1513,9.0161,1,0
18829.96,23426.01,-0.1962,3,20,0,0,1062,14.0035,0,0
2672.61,3223.09,-0.1707,0,6,0,0,740,32.8759,0,0
19363.28,23195.89,-0.1652,3,12,0,0,310,3.3865,1,0
12371.65,6929.69,0.7852,3,13,0,0,475,6.5034,0,0
20743.58,16888.01,0.2283,0,5,0,0,672,11.4354,0,0
8184.89,6957.26,0.1764,3,2,1,0,893,33.7903,0,0
12121.72,10978.44,0.1041,2,7,0,0,1330,18.2905,1,0
7194.89,5188.12,0.3867,2,7,0,0,556,51.9479,0,0
12191.07,12604.08,-0.0328,2,0,0,0,234,18.9494,0,0
5144.65,5209.65,-0.0125,2,7,0,0,1745,55.9578,1,0
18283.53,24333.99,-0.2486,1,11,0,0,1250,1.8003,1,0
15655.8,17255.34,-0.0927,1,13,0,0,707,25.1573,1,0
23616.64,17383.98,0.3585,3,17,0,0,559,11.63,1,0
31861.14,24531.94,0.2987,3,15,0,0,1119,12.2976,0,0
5712.89,5226.18,0.0931,0,10,0,0,964,47.052,0,0
29189.38,23759.31,0.2285,0,9,0,0,845,10.9838,1,0
5485.76,6024.81,-0.0895,1,12,0,0,1295,14.1051,1,0
18918.52,11350.79,0.6667,2,19,1,0,1117,4.1309,0,0
25634.36,20931.34,0.2247,2,6,0,0,1830,1.2337,1,0
22211.21,23561.74,-0.0573,3,14,0,0,403,1.4859,0,0
26692.38,22431.71,0.1899,1,12,1,0,316,1.5444,0,0
9642.86,7241.85,0.3315,1,16,0,0,1501,6.5125,0,0
319737.23,9041.53,34.3594,8,2,1,2,342,0.091,1,1
12500.27,19581.23,-0.3616,0,10,0,0,960,11.1194,0,0
33167.17,18913.94,0.7535,3,17,0,0,827,7.6131,0,0
13897.21,9117.91,0.5241,0,14,0,0,1455,14.7877,1,0
7454.47,7827.16,-0.0476,0,3,0,0,1860,3.8906,1,0
19301.15,17684.31,0.0914,2,17,0,0,1579,2.7235,1,0
16781.41,22574.88,-0.2566,0,10,0,0,1853,3.0022,0,0
3934.98,5986.64,-0.3426,3,5,0,0,1815,56.689,0,0
10106.18,19031.85,-0.469,1,10,0,0,1782,14.815,1,0
31337.71,24514.04,0.2783,3,12,0,0,618,11.3165,0,0
17226.2,20166.75,-0.1458,0,22,1,0,143,1.5573,1,0
10034.05,7191.97,0.3951,3,10,0,0,453,12.8973,1,0
8632.53,18220.5,-0.5262,2,14,0,0,362,39.8172,0,0
16123.27,21713.09,-0.2574,0,3,0,0,1768,4.3887,1,0
11714.64,10780.93,0.0866,3,23,0,0,1925,19.8671,1,0
9018.17,10404.1,-0.1332,1,22,0,0,805,15.4987,1,0
14124.96,17813.17,-0.207,1,17,1,0,1983,2.8328,0,0
6758.49,9223.66,-0.2672,2,4,0,0,1419,36.5703,0,0
15957.88,13689.86,0.1657,1,6,0,0,1099,13.3897,0,0
52708.64,3665.25,13.377,6,18,1,0,110,1.0351,1,1
7550.05,4398.8,0.7162,0,11,0,0,1755,36.45,0,0
4396.65,7321.5,-0.3994,0,16,1,0,1769,67.9333,1,0
21613.66,19684.86,0.098,0,23,0,0,983,15.1533,1,0
9429.48,8782.99,0.0736,1,6,1,0,1729,3.1448,0,0
7502.77,7456.31,0.0062,3,22,0,0,681,27.6304,0,0
13775.75,14358.74,-0.0406,3,13,0,0,394,13.4314,0,0
11466.59,15024.79,-0.2368,1,14,0,0,1609,5.3329,0,0
3384.24,4070.62,-0.1686,1,7,0,0,87,33.9373,1,0
25041.32,16560.15,0.5121,0,22,1,0,651,10.1957,0,0
27257.05,20681.08,0.318,3,16,0,0,1741,4.7575,1,0
20720.46,22692.6,-0.0869,2,10,0,0,1990,3.1184,0,0
3922.49,4011.39,-0.0222,1,23,0,0,722,73.3367,1,0
19009.74,15002.92,0.2671,1,16,0,0,1772,13.3035,0,0
27621.98,23813.36,0.1599,3,12,1,0,641,0.9927,1,0
17998.87,21927.94,-0.1792,1,9,0,0,1594,11.4869,0,0
30628.22,22206.04,0.3793,0,16,0,0,285,5.2584,0,0
10315.96,20650.6,-0.5004,3,10,0,0,1889,31.0199,1,0
15441.88,9811.05,0.5739,1,22,1,0,251,16.5214,0,0
5433.1,14105.48,-0.6148,0,22,0,0,911,41.479,1,0
9806.74,21131.0,-0.5359,0,9,0,0,1842,25.1927,0,0
5761.39,6923.16,-0.1678,3,9,0,0,1242,37.9149,1,0
22617.38,20980.37,0.078,2,16,0,0,1939,8.6551,0,0
28200.25,18924.86,0.4901,0,14,0,0,784,6.7934,1,0
22205.69,15110.91,0.4695,2,20,0,0,1499,5.2218,0,0
125921.04,3208.04,38.2397,6,12,1,2,57,0.1429,1,1
23653.67,21724.15,0.0888,1,18,0,0,1716,10.0616,0,0
25532.53,17038.32,0.4985,0,7,1,0,955,12.5497,1,0
6258.82,7861.42,-0.2038,1,9,0,0,1404,13.7298,0,0
16990.91,14912.32,0.1394,3,22,1,0,754,10.2096,1,0
17445.4,17535.91,-0.0052,1,6,0,0,1663,11.4703,1,0
16944.93,11621.98,0.458,2,12,0,0,446,20.903,0,0
15192.65,11287.84,0.3459,1,16,0,0,776,20.6018,1,0
111824.78,4219.88,25.4935,3,2,1,2,68,0.0449,1,1
3440.26,5933.46,-0.4201,2,22,1,0,1284,67.531,1,0
11569.97,16047.88,-0.279,0,9,0,0,374,12.7467,1,0
3191.62,4007.68,-0.2036,2,12,0,0,1181,34.9692,0,0
11704.27,12932.78,-0.095,1,8,0,0,1723,30.0661,0,0
31214.84,24416.79,0.2784,3,18,0,0,1213,2.986,0,0
14444.21,13377.06,0.0798,1,23,0,0,1375,10.7873,0,0
19582.01,12786.59,0.5314,3,14,0,0,1185,4.4566,0,0
2656.9,12732.27,-0.7913,3,8,0,0,585,44.1885,1,0
18281.22,18292.19,-0.0006,2,7,1,0,1781,19.7957,0,0
14244.52,11003.48,0.2945,2,12,1,0,1462,9.4583,0,0
15874.23,17533.56,-0.0946,2,6,0,0,432,11.7886,0,0
2689.31,3011.94,-0.1071,3,9,0,0,1422,139.2896,0,0
11248.21,12098.32,-0.0703,1,14,0,0,1045,21.7645,0,0
14935.13,15105.25,-0.0113,3,0,0,0,612,12.8489,1,0
16407.41,12994.81,0.2626,3,18,0,0,157,4.6129,0,0
11636.76,14095.91,-0.1744,3,20,0,0,1827,4.8629,1,0
8377.55,7261.82,0.1536,3,12,0,0,1919,46.3157,0,0
17358.13,23623.26,-0.2652,1,10,0,0,1395,15.1297,0,0
3593.3,4302.89,-0.1649,1,10,0,0,888,92.5153,0,0
18275.18,15660.05,0.167,3,16,0,0,775,19.8559,1,0
19001.67,24136.28,-0.2127,0,0,0,0,1710,18.2176,0,0
9508.81,5603.72,0.6968,1,7,0,0,1258,37.8896,0,0
9780.06,17978.81,-0.456,0,20,0,0,662,7.3587,1,0
17083.44,21611.41,-0.2095,1,17,0,0,1304,18.3415,0,0
244598.59,8598.63,27.443,7,18,1,0,58,0.0325,1,1
1633.89,7093.06,-0.7695,2,16,0,0,1283,39.6046,0,0
5069.3,7203.89,-0.2963,1,9,0,0,617,60.5914,0,0
20371.87,15614.79,0.3046,3,9,0,0,695,14.2155,0,0
25329.13,24474.82,0.0349,3,5,0,0,1814,4.5148,0,0
18037.6,15854.68,0.1377,3,15,1,0,1528,14.5164,1,0
23586.19,21233.75,0.1108,1,7,0,0,1762,13.0636,0,0
5202.41,5522.18,-0.0579,1,9,0,0,1603,11.0979,0,0
20325.37,18193.04,0.1172,0,16,0,0,1181,11.9133,1,0
22683.39,21957.91,0.033,0,11,0,0,1319,2.7928,1,0
118657.63,6921.21,16.1417,8,1,1,1,215,0.0918,1,1
120220.49,4515.55,25.618,8,0,1,0,31,0.4436,1,1
8904.81,6588.88,0.3514,3,15,0,0,1795,5.0431,0,0
9942.15,13316.26,-0.2534,2,14,0,0,181,26.1412,0,0
9420.59,5891.19,0.599,2,12,0,0,514,7.2097,0,0
145806.97,5329.91,26.3514,8,21,1,0,58,0.0795,1,1
8491.89,6044.68,0.4048,2,10,0,0,1303,31.3127,0,0
5053.14,17716.65,-0.7147,1,22,0,0,687,50.0989,0,0
9213.18,10998.33,-0.1623,1,8,0,0,1194,32.0003,0,0
2416.93,3229.65,-0.2516,1,9,0,0,1960,146.1311,1,0
30262.74,21853.04,0.3848,0,6,0,0,481,2.0767,1,0
5219.95,13437.64,-0.6115,3,10,0,0,1762,58.9732,0,0
9705.66,7045.12,0.3776,3,6,0,0,466,18.3435,1,0
7941.95,24431.49,-0.6749,0,6,0,0,723,11.1118,1,0
15242.22,13519.07,0.1275,0,13,0,0,1984,11.3812,1,0
11306.41,13045.71,-0.1333,2,18,0,0,539,31.7101,0,0
31874.76,19756.97,0.6133,0,13,0,0,683,6.3173,1,0
13283.68,17303.17,-0.2323,0,16,1,0,438,23.8522,1,0
31795.81,21849.13,0.4552,2,23,0,0,1767,9.322,0,0
6441.74,10169.13,-0.3665,3,14,0,0,529,34.5262,1,0
29008.87,18417.05,0.5751,0,10,0,0,327,7.0414,1,0
6073.2,4549.73,0.3348,3,14,0,0,64,28.794,0,0
27967.15,24892.16,0.1235,2,15,0,0,1264,2.1091,1,0
18314.17,17522.21,0.0452,3,8,0,0,1483,19.0889,0,0
17724.33,21707.35,-0.1835,2,3,1,0,853,5.7178,1,0
28343.59,19393.55,0.4615,1,17,0,0,727,2.0455,0,0
6547.0,7194.13,-0.0899,1,23,0,0,1545,38.1083,1,0
13708.04,11943.75,0.1477,1,16,0,0,1147,1.6133,0,0
19813.12,11753.35,0.6857,1,3,0,0,1009,15.3963,1,0
20274.22,23243.78,-0.1278,2,19,0,0,1876,17.282,0,0
5817.54,5131.52,0.1337,1,9,0,0,770,4.3295,1,0
7617.54,10746.33,-0.2911,1,17,0,0,1310,33.4739,0,0
2736.15,3533.35,-0.2256,0,7,0,0,1859,140.561,0,0
34963.17,21248.06,0.6454,2,7,0,0,106,3.8611,1,0
3306.62,3571.17,-0.0741,0,11,0,0,1978,84.32,0,0
37611.66,22648.26,0.6607,0,17,0,0,1129,6.7125,1,0
25389.79,22282.13,0.1395,2,18,0,0,1718,6.2631,1,0
10194.1,13570.69,-0.2488,0,10,0,0,65,27.5276,1,0
24709.15,22274.32,0.1093,3,8,0,0,486,14.812,1,0
8810.04,12057.62,-0.2693,0,6,0,0,1525,6.0085,0,0
107658.84,3078.16,33.964,6,21,1,0,60,0.2683,1,1
9313.85,12977.97,-0.2823,1,11,0,0,447,30.2391,0,0
8867.57,11270.77,-0.2132,0,8,0,0,1566,10.7692,0,0
10405.31,12638.2,-0.1767,2,1,0,0,1235,10.127,0,0
12469.79,24006.88,-0.4806,2,17,0,0,497,2.5065,0,0
19212.14,14667.78,0.3098,2,19,0,0,659,1.4262,0,0
17569.7,12953.5,0.3563,1,17,0,0,599,14.5573,0,0
34317.02,23957.48,0.4324,3,22,0,0,1367,1.0455,1,0
3170.71,3570.02,-0.1118,0,15,0,0,704,21.2365,1,0
17482.6,9655.38,0.8106,0,15,0,0,1938,22.5276,1,0
21845.27,21874.29,-0.0013,1,19,0,0,1647,8.8271,1,0
4181.67,4230.06,-0.0114,0,19,0,0,1712,91.8385,0,0
8386.45,8450.36,-0.0076,3,13,0,0,775,22.2175,0,0
12266.56,16688.79,-0.265,3,7,0,0,966,2.3415,1,0
13487.25,10821.39,0.2463,3,8,1,0,1644,4.5083,1,0
18233.55,18884.84,-0.0345,1,6,0,0,1155,6.9636,1,0
32804.38,24728.57,0.3266,2,11,0,0,675,11.4277,1,0
13327.87,19215.72,-0.3064,2,2,0,0,1081,18.4876,1,0
21493.82,19764.72,0.0875,1,12,0,0,431,9.4325,1,0
302766.85,8710.27,33.7559,4,19,1,2,24,0.1118,1,1
32348.1,23705.14,0.3646,3,5,0,0,1664,5.6911,0,0
8659.41,5050.76,0.7143,2,6,1,0,521,40.7253,1,0
25693.22,19599.3,0.3109,3,13,0,0,1574,0.7869,0,0
9247.44,11119.51,-0.1683,0,16,0,0,189,13.0844,1,0
21577.53,12779.12,0.6884,0,12,0,0,902,7.1181,0,0
3406.8,3517.67,-0.0315,3,9,0,0,1250,52.3748,0,0
10072.84,10846.28,-0.0713,3,16,1,0,1469,9.3366,1,0
3183.52,5934.18,-0.4634,2,18,0,0,672,95.588,1,0
9069.95,9096.02,-0.0029,1,8,1,0,1316,25.9766,1,0
15131.57,23541.41,-0.3572,2,9,0,0,1142,21.2954,0,0
4506.51,3034.78,0.4848,1,17,1,0,877,14.3786,0,0
7430.81,5051.06,0.471,0,14,0,0,705,44.1982,1,0
7441.73,9243.99,-0.1949,0,12,0,0,52,14.5854,0,0
6324.18,15581.64,-0.5941,0,6,0,0,647,54.6364,1,0
425411.76,13119.69,31.423,4,2,1,2,261,0.0633,1,1
22452.61,16689.65,0.3453,0,5,0,0,1805,10.4424,0,0
8094.32,9648.18,-0.161,2,23,0,0,510,46.8888,1,0
23715.19,20576.99,0.1525,3,8,1,0,592,6.8396,1,0
4581.6,7695.12,-0.4046,2,17,1,0,1925,59.1999,1,0
9516.09,15142.18,-0.3715,1,23,0,0,814,14.9495,0,0
10543.53,10359.91,0.0177,2,21,0,0,1828,21.6125,0,0
20472.46,18124.94,0.1295,3,8,1,0,134,16.8075,0,0
21529.23,23135.39,-0.0694,1,23,0,0,791,6.7665,1,0
18936.29,23551.9,-0.196,3,11,0,0,111,17.3666,0,0
25539.27,17185.38,0.4861,3,11,0,0,1428,4.9858,0,0
10188.72,15899.8,-0.3592,1,18,1,0,1629,27.9689,0,0
10414.3,11202.29,-0.0703,0,8,1,0,1548,37.585,1,0
15077.72,17092.21,-0.1179,2,11,0,0,1438,18.1081,1,0
12010.73,11608.42,0.0347,2,7,0,0,354,6.4072,0,0
29539.98,23993.09,0.2312,0,11,0,0,1364,10.1821,0,0
11479.86,8520.9,0.3472,1,13,0,0,1429,13.1531,0,0
14257.75,22770.59,-0.3738,3,7,0,0,742,9.2569,0,0
6734.04,12208.45,-0.4484,0,14,1,0,1701,24.8765,0,0
23692.67,19801.63,0.1965,1,4,0,0,1082,15.3393,0,0
35470.63,23107.56,0.535,1,13,0,0,1689,10.7148,1,0
28635.91,19295.5,0.484,1,18,1,0,713,10.6946,0,0
9684.69,14232.99,-0.3195,0,8,0,0,643,29.0546,1,0
4527.1,6370.08,-0.2893,2,11,0,0,994,67.1671,1,0
5860.24,6029.29,-0.028,2,15,0,0,262,27.2026,0,0
12496.3,9335.84,0.3385,0,6,0,0,1464,19.7322,1,0
18159.4,18604.8,-0.0239,2,13,1,0,855,20.0533,0,0
22735.72,18268.03,0.2446,0,9,0,0,764,15.9786,0,0
13910.59,16183.47,-0.1404,2,12,0,0,491,4.3232,1,0
10358.01,16234.59,-0.362,0,10,0,0,1853,22.6207,0,0
28467.87,22670.86,0.2557,0,6,0,0,1283,11.102,1,0
6121.82,6331.53,-0.0331,3,9,0,0,1823,53.7775,0,0
17377.56,21095.15,-0.1762,2,6,0,0,580,6.8195,1,0
24326.23,17619.05,0.3807,1,20,0,0,123,7.2207,1,0
17561.09,16965.0,0.0351,3,12,0,0,732,8.2522,0,0
31819.57,23745.13,0.34,2,6,0,0,912,5.9395,0,0
6305.75,15139.29,-0.5834,0,20,0,0,559,12.8133,0,0
21022.28,19816.89,0.0608,0,6,0,0,794,6.0073,1,0
9835.89,13005.29,-0.2437,2,6,0,0,81,24.6148,1,0
28238.64,23132.78,0.2207,2,10,0,0,765,8.1371,0,0
8244.34,9845.62,-0.1626,0,13,0,0,268,23.9136,1,0
14483.43,13259.29,0.0923,0,17,0,0,1756,25.7434,1,0
10790.32,22467.55,-0.5197,1,15,0,0,963,6.6345,1,0
27573.06,15347.57,0.7965,2,12,0,0,618,9.1271,1,0
5965.92,4267.73,0.3978,3,13,0,0,527,29.6329,0,0
29282.09,18838.75,0.5543,2,13,0,0,791,12.1055,1,0
2859.04,5547.38,-0.4845,0,13,0,0,343,66.0269,0,0
6515.66,5019.59,0.298,0,10,0,0,526,47.7479,1,0
15303.22,13784.44,0.1102,2,14,0,0,1478,12.0711,0,0
7499.62,5872.21,0.2771,0,15,0,0,205,49.9355,0,0
13040.26,10452.26,0.2476,1,1,1,0,133,14.4607,0,0
14234.74,13760.13,0.0345,0,15,0,0,789,19.0503,1,0
3968.31,3962.28,0.0015,0,17,0,0,1651,18.6938,0,0
10290.69,17966.24,-0.4272,2,17,0,0,631,6.1729,0,0
21414.67,15013.42,0.4263,3,16,0,0,1911,2.716,1,0
15220.98,13771.4,0.1053,0,15,0,0,568,23.9266,0,0
11856.28,16452.9,-0.2794,0,13,0,0,676,17.3229,1,0
3190.44,5515.18,-0.4214,1,15,0,0,94,119.2071,1,0
17595.83,13163.24,0.3367,3,7,1,0,795,21.5534,1,0
7622.19,10925.21,-0.3023,2,9,0,0,1429,36.2763,1,0
19059.19,21778.21,-0.1248,2,11,0,0,1744,1.8431,0,0
12313.32,7221.47,0.705,0,19,0,0,630,15.2244,0,0
9826.32,17849.49,-0.4495,2,1,0,0,1591,27.472,0,0
8515.18,16200.17,-0.4743,2,7,0,0,416,33.1582,1,0
155865.02,8912.54,16.4864,8,21,1,2,376,0.1511,1,1
13236.45,23157.16,-0.4284,0,17,1,0,334,24.7837,1,0
9255.38,12550.33,-0.2625,0,12,1,0,1415,19.6499,0,0
15827.98,13559.26,0.1673,2,18,0,0,999,16.2988,0,0
11199.13,9808.29,0.1418,2,15,0,0,932,30.1196,0,0
11272.7,9893.73,0.1394,1,15,0,0,170,27.8449,1,0
10320.27,22433.85,-0.5399,0,11,0,0,152,24.2849,0,0
16728.26,23678.68,-0.2935,0,22,0,0,1797,23.7129,0,0
15792.92,18217.6,-0.1331,2,16,0,0,1246,14.3464,1,0
14597.65,14769.58,-0.0116,3,16,0,0,469,27.1336,0,0
168988.4,13395.51,11.6144,7,22,1,1,134,0.3422,1,1
6420.85,13818.87,-0.5353,2,20,1,0,1845,42.8645,0,0
30306.62,20055.64,0.5111,3,16,1,0,557,4.8687,1,0
18585.66,19480.0,-0.0459,2,15,1,0,671,5.0613,1,0
81823.09,6523.35,11.5413,4,5,1,3,334,0.3167,1,1
15151.44,11533.37,0.3137,0,23,0,0,730,19.5097,0,0
15551.19,10263.9,0.5151,1,7,0,0,1000,19.5323,0,0
6376.38,5909.24,0.079,1,12,1,0,1827,13.8241,0,0
4795.78,5385.67,-0.1095,1,8,0,0,1166,22.3312,1,0
18014.09,24104.55,-0.2527,2,15,0,0,1368,15.8173,1,0
32520.35,20313.36,0.6009,2,16,0,0,1530,5.4629,0,0
2430.01,5595.84,-0.5656,2,11,0,0,505,63.2165,0,0
5433.8,5757.19,-0.0562,2,6,0,0,1159,36.2509,1,0
14599.78,21197.93,-0.3112,2,19,0,0,68,3.5688,1,0
25133.88,19252.47,0.3055,3,21,0,0,1546,6.1621,1,0
19736.83,22809.36,-0.1347,1,21,0,0,1096,6.3998,0,0
4439.1,4617.15,-0.0386,1,16,0,0,248,71.5926,0,0
2622.42,12786.06,-0.7948,3,7,0,0,697,91.6017,0,0
28526.19,17448.97,0.6348,3,5,0,0,327,11.761,1,0
30863.26,23685.79,0.303,1,10,0,0,1390,9.7224,1,0
33314.67,22096.45,0.5077,1,5,0,0,859,3.6782,0,0
33469.35,24563.53,0.3625,2,2,1,0,191,9.7326,0,0
5003.85,5315.02,-0.0585,1,16,0,0,1485,21.1724,1,0
19737.15,19224.45,0.0267,1,18,0,0,634,15.1142,0,0
29696.55,21932.55,0.354,0,13,0,0,1979,8.0935,1,0
10184.64,7139.44,0.4265,2,22,0,0,33,6.7172,0,0
10522.25,11445.57,-0.0807,1,7,0,0,885,12.8388,1,0
12559.76,12022.11,0.0447,1,12,0,0,179,6.5791,1,0
4579.25,8754.93,-0.4769,2,8,1,0,1911,20.3708,1,0
323757.17,8883.93,35.439,7,22,1,1,67,0.071,1,1
25841.69,18140.49,0.4245,1,0,0,0,1887,7.8418,0,0
32989.34,18674.32,0.7665,3,10,0,0,740,4.1186,1,0
14840.16,13796.65,0.0756,0,6,0,0,256,4.7196,1,0
10016.4,7734.68,0.295,2,6,0,0,182,24.4452,1,0
18022.57,18679.65,-0.0352,0,9,0,0,1190,9.5071,1,0
21629.26,19373.59,0.1164,2,12,0,0,442,5.8686,1,0
9609.4,9960.14,-0.0352,2,11,0,0,644,14.5041,0,0
4440.31,19095.94,-0.7674,2,17,0,0,485,14.4678,1,0
24691.36,18086.28,0.3652,2,14,0,0,887,2.364,1,0
14698.36,16154.19,-0.0901,2,8,1,0,1382,18.7465,1,0
5376.25,4273.93,0.2579,3,6,0,0,142,9.8119,0,0
17948.35,16488.95,0.0885,1,12,0,0,215,2.269,1,0
14297.26,23025.09,-0.379,2,15,1,0,262,18.1071,1,0
8827.04,9054.78,-0.0251,1,15,0,0,389,28.2568,0,0
17332.88,14739.69,0.1759,3,19,0,0,170,22.0708,0,0
2183.12,19877.04,-0.8901,3,14,0,0,1860,72.2059,0,0
6259.65,7305.67,-0.1432,3,10,0,0,214,5.3974,1,0
14354.41,15110.36,-0.05,2,9,0,0,459,19.7804,1,0
30137.23,24277.04,0.2414,3,21,0,0,1261,9.2652,1,0
12667.06,13381.26,-0.0534,1,13,0,0,350,22.1189,0,0
12772.72,13094.74,-0.0246,2,16,0,0,1225,18.2656,0,0
21440.07,11530.44,0.8594,3,14,1,0,1330,4.6271,1,0
11145.08,20259.16,-0.4499,1,12,0,0,1040,27.0085,1,0
9658.8,11501.54,-0.1602,2,13,0,0,1862,20.7474,0,0
25184.59,19762.44,0.2744,0,17,1,0,1248,7.2427,1,0
17317.98,24456.71,-0.2919,0,0,1,0,852,20.3112,1,0
5656.41,8245.67,-0.314,3,14,0,0,1085,7.7539,1,0
74362.54,10130.05,6.3402,9,15,1,2,280,0.5041,1,1
10374.84,19032.46,-0.4549,0,3,0,0,420,37.1304,1,0
13087.76,12158.66,0.0764,2,16,0,0,222,29.8921,1,0
18594.86,19562.48,-0.0495,0,8,0,0,837,12.8306,0,0
466796.2,12967.37,34.9951,9,5,1,0,129,0.101,1,1
14082.07,10912.18,0.2905,3,17,0,0,446,23.0824,0,0
10341.34,9144.1,0.1309,1,16,0,0,361,10.9646,1,0
18087.88,19057.57,-0.0509,1,11,0,0,903,12.0446,1,0
8749.93,11709.8,-0.2527,2,8,0,0,1569,27.0966,0,0
22581.58,13870.21,0.628,1,1,0,0,567,13.3353,0,0
19102.19,15821.0,0.2074,2,15,0,0,893,19.6843,0,0
15884.85,14910.86,0.0653,1,19,0,0,1081,4.2958,1,0
27031.97,19008.35,0.4221,2,17,0,0,459,11.6577,1,0
6314.49,13453.0,-0.5306,0,12,1,0,1208,54.2951,0,0
9751.14,5237.89,0.8615,1,10,0,0,857,4.5723,0,0
13461.8,13048.53,0.0317,2,12,0,0,387,29.0705,1,0
18819.32,9912.03,0.8985,3,22,0,0,697,6.9473,0,0
13333.65,8510.64,0.5666,2,14,0,0,1921,14.0822,0,0
23126.54,17632.37,0.3116,1,15,0,0,216,7.0148,1,0
31993.53,23436.1,0.3651,1,16,0,0,1405,9.5954,1,0
10139.76,22968.42,-0.5585,2,2,0,0,811,24.2771,0,0
28674.74,20955.26,0.3684,1,12,0,0,1261,4.6308,0,0
5992.91,10629.82,-0.4362,0,18,0,0,1523,23.5935,1,0
18227.78,18520.16,-0.0158,1,11,0,0,694,12.5474,1,0
7445.13,9413.37,-0.2091,1,18,0,0,717,5.8985,0,0
20467.93,22407.69,-0.0866,1,3,0,0,1367,16.2024,0,0
5255.6,7551.65,-0.304,2,18,0,0,1881,47.1642,0,0
12607.14,11651.43,0.082,2,13,1,0,1754,12.2855,0,0
17099.78,16486.61,0.0372,1,11,0,0,1295,19.1684,1,0
3264.59,5350.23,-0.3897,0,8,0,0,1179,48.1471,1,0
8932.49,11045.26,-0.1913,3,7,0,0,763,12.4242,0,0
7544.22,9275.48,-0.1866,3,7,0,0,149,42.1031,1,0
3005.1,3642.23,-0.1749,3,0,0,0,600,81.5134,1,0
7330.48,10196.55,-0.2811,0,16,0,0,1923,35.414,0,0
18684.93,20649.17,-0.0951,1,8,0,0,251,18.6421,0,0
147601.32,6633.49,21.2477,8,5,0,1,3,0.2775,1,1
8139.62,5094.95,0.5975,2,19,0,0,1803,45.3445,0,0
10372.9,11719.51,-0.1149,1,11,0,0,224,13.1188,0,0
19109.1,23345.84,-0.1815,3,15,1,0,1572,6.568,0,0
22645.05,16603.74,0.3638,3,12,0,0,36,11.9391,1,0
4689.87,4585.07,0.0229,0,16,0,0,1566,82.8731,1,0
2922.76,4456.15,-0.344,2,8,0,0,1841,125.5207,1,0
10698.46,9309.94,0.1491,0,19,0,0,301,4.7997,1,0
10844.69,11047.23,-0.0183,1,10,0,0,47,1.8473,1,0
7371.2,6366.34,0.1578,2,22,0,0,611,39.2754,1,0
24723.95,15436.75,0.6016,0,13,0,0,1361,8.9816,1,0
24657.43,24066.04,0.0246,0,22,0,0,1418,6.362,0,0
11115.66,15659.55,-0.2901,0,16,0,0,413,8.2715,1,0
18989.76,18219.32,0.0423,2,12,0,0,901,7.1802,1,0
17352.03,16630.46,0.0434,0,23,1,0,802,13.8302,0,0
24385.9,24180.9,0.0085,0,5,0,0,1495,4.7492,1,0
19491.97,22261.73,-0.1244,1,5,0,0,432,3.385,0,0
18873.98,16487.18,0.1448,1,15,0,0,1141,14.9174,1,0
4508.38,4761.39,-0.0531,2,12,0,0,1852,76.8517,1,0
8850.74,4650.05,0.9032,3,16,0,0,1368,16.7675,0,0
346105.22,11857.86,28.1855,5,20,1,3,198,0.0596,1,1
4453.24,7769.21,-0.4268,2,23,0,0,862,39.041,1,0
12701.98,8500.93,0.4941,1,11,1,0,488,15.9072,0,0
14445.02,21749.47,-0.3358,0,6,0,0,123,12.5902,0,0
13758.31,19456.24,-0.2928,3,15,0,0,1309,22.1905,1,0
17739.56,20562.12,-0.1373,3,9,0,0,167,18.052,1,0
29678.73,22042.44,0.3464,3,8,0,0,1465,8.1455,1,0
9340.72,14251.31,-0.3445,3,0,1,0,1132,12.5025,1,0
21557.85,18584.99,0.16,2,14,0,0,1000,16.7505,0,0
25009.03,24178.24,0.0344,0,18,0,0,245,12.676,0,0
18394.03,14969.84,0.2287,0,9,0,0,1872,13.7712,0,0
23707.24,21651.33,0.095,3,6,0,0,547,13.5867,1,0
33443.9,24391.54,0.3711,2,13,1,0,497,9.1113,1,0
10152.96,10118.95,0.0034,1,17,0,0,1792,2.7897,0,0
2886.93,3430.54,-0.1584,3,13,0,0,426,108.0453,0,0
3825.75,3719.29,0.0286,2,7,0,0,1550,27.5535,1,0
20486.42,18894.43,0.0843,0,19,0,0,1262,15.4851,0,0
33054.95,20720.45,0.5953,0,17,0,0,249,10.9031,0,0
9645.26,15110.22,-0.3616,2,9,0,0,1954,13.7225,0,0
8009.4,7254.17,0.1041,0,8,1,0,317,42.0759,1,0
7353.68,7443.79,-0.0121,2,15,0,0,1775,43.5199,0,0
9343.41,5683.52,0.6438,1,21,1,0,410,30.7752,0,0
19360.04,18735.2,0.0333,3,14,0,0,1921,20.4775,1,0
9920.74,8061.62,0.2306,0,7,0,0,725,21.1637,0,0
11555.82,12259.15,-0.0574,0,17,0,0,406,12.4751,1,0
15624.46,22140.57,-0.2943,1,9,0,0,1319,21.1451,1,0
20098.82,22437.27,-0.1042,1,19,0,0,785,13.3615,1,0
515276.66,13416.93,37.4022,3,20,1,1,340,0.0232,1,1
7831.69,7596.62,0.0309,2,14,1,0,280,42.749,0,0
21445.57,16527.5,0.2976,3,16,0,0,1072,3.8992,0,0
3306.18,3212.73,0.0291,1,13,0,0,1222,14.6931,1,0
13502.73,15157.77,-0.1092,0,0,0,0,1796,18.7513,1,0
2234.97,3716.38,-0.3985,3,23,0,0,972,140.8084,0,0
16762.91,14526.78,0.1539,0,22,0,0,1595,20.2128,0,0
23325.01,19684.3,0.1849,0,13,0,0,615,16.1651,1,0
9357.6,14549.0,-0.3568,0,10,0,0,571,26.4813,1,0
25220.04,21350.42,0.1812,1,22,0,0,322,14.0325,1,0
5240.04,4968.42,0.0547,2,8,0,0,1429,59.12,1,0
17296.32,15858.85,0.0906,0,2,1,0,355,19.3878,0,0
15872.31,20857.6,-0.239,0,20,1,0,1252,24.4073,0,0
8049.15,14336.17,-0.4385,0,7,0,0,692,6.5788,1,0
274824.92,13989.83,18.6433,3,5,1,1,348,0.1117,1,1
12201.06,14680.25,-0.1689,1,17,0,0,1833,23.3781,0,0
18199.27,17087.06,0.0651,0,15,0,0,70,13.4993,0,0
2899.67,7498.22,-0.6132,1,6,0,0,626,67.5095,1,0
15038.15,13030.75,0.154,1,9,0,0,137,8.5251,1,0
17549.93,17386.99,0.0094,3,13,0,0,817,11.9024,0,0
15015.29,21980.08,-0.3169,1,12,0,0,456,26.3032,0,0
17144.66,16669.38,0.0285,1,12,0,0,785,3.7017,0,0
3271.26,7470.01,-0.562,0,10,0,0,178,16.3753,0,0
13342.15,12179.18,0.0955,1,6,0,0,62,9.7143,0,0
7786.05,7522.83,0.035,1,20,0,0,769,17.1402,0,0
9409.11,8237.41,0.1422,3,16,0,0,599,31.4149,0,0
7278.39,6582.64,0.1057,2,12,0,0,761,5.8019,0,0
23931.48,22181.25,0.0789,0,6,0,0,1556,6.1277,0,0
20318.43,22480.37,-0.0962,1,6,0,0,88,6.2987,0,0
2625.3,5263.91,-0.5012,0,2,1,0,530,40.6631,0,0
16853.1,19730.74,-0.1458,0,21,0,0,774,4.6588,0,0
18496.4,18945.11,-0.0237,1,10,0,0,738,13.8399,0,0
16280.32,17453.0,-0.0672,2,6,0,0,52,9.9099,1,0
8388.18,7779.92,0.0782,2,8,1,0,1209,25.2087,0,0
26382.05,23656.46,0.1152,1,8,0,0,1499,2.2997,0,0
11517.94,14455.13,-0.2032,1,12,0,0,1540,33.7217,1,0
170794.56,9632.95,16.7285,9,5,1,0,341,0.2008,1,1
4881.18,4482.81,0.0888,2,11,0,0,1252,38.0282,1,0
4660.47,8058.46,-0.4216,2,13,0,0,1734,30.0286,0,0
12359.54,13066.11,-0.0541,2,14,0,0,1232,17.8416,0,0
6890.34,4896.74,0.407,3,13,0,0,1716,19.957,1,0
23187.35,20530.34,0.1294,0,21,0,0,1989,12.2703,1,0
13371.78,14917.46,-0.1036,0,8,0,0,692,28.176,0,0
5962.61,4886.47,0.2202,3,19,0,0,1730,31.9768,0,0
19464.22,14555.21,0.3372,0,10,0,0,489,1.3053,0,0
18734.44,13817.01,0.3559,2,17,0,0,1950,12.4425,0,0
9142.33,12192.47,-0.2501,1,10,0,0,435,20.0978,0,0
4378.25,6012.89,-0.2718,3,11,1,0,363,28.9864,0,0
31758.23,19782.51,0.6053,2,9,0,0,1638,8.8918,0,0
9594.8,6903.79,0.3897,1,10,0,0,1112,38.9485,1,0
9552.12,16151.27,-0.4086,0,8,0,0,928,30.0686,0,0
11029.35,8228.27,0.3404,0,13,0,0,1558,35.1022,0,0
3940.25,11055.97,-0.6436,2,13,0,0,1611,29.0051,1,0
4132.51,4862.5,-0.1501,0,10,0,0,625,29.6761,1,0
3321.57,3626.52,-0.0841,0,20,0,0,1815,8.9736,0,0
29496.73,23798.47,0.2394,1,17,1,0,1506,13.0797,0,0
4297.32,5130.84,-0.1624,3,6,0,0,1235,27.3254,1,0
4334.23,4274.79,0.0139,0,17,1,0,1339,31.8937,1,0
22015.77,15156.65,0.4525,2,18,0,0,82,7.2741,1,0
10290.78,10928.25,-0.0583,2,18,0,0,1331,9.295,1,0
30256.36,23581.27,0.2831,1,7,0,0,1436,8.6056,0,0
3743.97,4596.98,-0.1855,3,18,0,0,491,22.0558,1,0
12653.35,13812.23,-0.0839,1,11,0,0,45,28.0556,1,0
4656.24,4972.26,-0.0635,3,6,0,0,120,62.2466,1,0
2905.43,5048.78,-0.4244,2,20,0,0,1583,46.0124,0,0
42083.67,23768.21,0.7706,1,17,0,0,1918,9.3303,0,0
31080.98,23277.4,0.3352,1,10,0,0,782,11.6923,1,0
7876.14,15710.66,-0.4986,0,15,0,0,267,43.1498,0,0
47231.68,7525.88,5.2752,4,4,1,1,368,0.2105,1,1
7730.65,6226.22,0.2416,0,6,0,0,806,24.4532,0,0
5421.99,5350.36,0.0134,3,22,1,0,1629,37.3004,1,0
18213.66,10743.67,0.6952,1,17,0,0,639,10.6501,1,0
25722.04,16944.8,0.518,2,23,0,0,97,7.5863,1,0
273354.8,11891.0,21.9865,4,0,1,0,252,0.1216,1,1
17042.08,14960.79,0.1391,3,1,0,0,959,22.8546,1,0
15812.01,16733.83,-0.0551,3,23,0,0,611,14.8396,1,0
31511.95,20222.21,0.5583,2,11,0,0,900,3.7892,0,0
184278.67,6892.52,25.7323,9,14,1,1,4,0.2528,1,1
25726.86,20516.54,0.2539,2,13,0,0,1896,2.4519,1,0
21599.64,17345.2,0.2453,2,11,0,0,499,16.8358,0,0
13608.68,20861.13,-0.3476,0,12,1,0,940,28.9384,0,0
16050.01,12332.01,0.3015,3,11,0,0,921,12.7801,1,0
4185.64,3989.64,0.0491,3,1,0,0,812,44.4429,0,0
15079.14,17635.33,-0.1449,1,17,0,0,1063,23.5723,0,0
10128.3,13066.57,-0.2249,3,9,1,0,671,31.1964,1,0
2852.65,3564.93,-0.1997,3,22,0,0,1242,134.6014,1,0
16643.62,11643.72,0.4294,1,16,0,0,878,11.636,0,0
19615.51,10329.24,0.8989,1,17,0,0,368,7.0106,0,0
11611.04,7305.74,0.5892,0,23,0,0,1034,23.879,0,0
15028.18,16427.23,-0.0852,0,11,0,0,1641,9.2706,0,0
10260.07,8922.02,0.15,1,17,1,0,502,10.9863,0,0
2130.85,5768.33,-0.6305,0,16,0,0,608,34.7991,1,0
30394.09,20534.74,0.4801,2,9,0,0,174,10.6791,1,0
5421.57,5308.11,0.0214,0,9,0,0,1049,54.0576,0,0
11890.67,10190.91,0.1668,2,19,1,0,416,11.4686,1,0
27722.18,19787.81,0.401,2,17,0,0,139,8.7719,1,0
4268.13,3881.29,0.0996,0,11,0,0,1688,46.5781,1,0
15056.82,12499.54,0.2046,2,6,1,0,1672,5.8893,0,0
16631.81,13690.36,0.2148,1,17,0,0,1948,19.2786,1,0
11637.16,15108.55,-0.2297,1,6,0,0,274,11.7301,1,0
16980.94,22510.56,-0.2456,2,12,0,0,139,9.4948,1,0
6045.48,5242.85,0.1531,3,15,0,0,145,26.9729,0,0
25778.16,23475.29,0.0981,1,9,0,0,139,5.0334,1,0
23125.09,21959.6,0.0531,1,14,0,0,1733,9.185,1,0
22154.48,15213.9,0.4562,2,4,0,0,1751,6.5922,0,0
18046.81,21590.87,-0.1641,3,1,0,0,1813,3.2076,1,0
15503.2,16931.29,-0.0843,3,15,1,0,305,23.1464,1,0
22402.84,15361.31,0.4584,2,12,0,0,1838,14.1851,1,0
8299.33,17429.11,-0.5238,1,13,0,0,961,9.775,0,0
3861.73,3699.22,0.0439,1,12,0,0,437,14.395,1,0
18012.27,15625.45,0.1527,3,7,0,0,413,1.7322,0,0
7729.15,8410.42,-0.081,2,7,1,0,702,50.9108,0,0
4019.52,3206.74,0.2534,1,4,1,0,1233,69.0189,0,0
25875.2,16751.28,0.5446,1,11,0,0,1356,10.4826,0,0
3376.25,3211.25,0.0514,0,16,0,0,1346,54.277,0,0
30449.63,24560.52,0.2398,2,14,1,0,694,2.1067,0,0
27529.48,21077.92,0.3061,3,8,0,0,1335,6.4263,0,0
9602.56,13384.09,-0.2825,1,19,0,0,1511,22.3673,1,0
29733.62,22119.22,0.3442,0,8,0,0,407,2.55,1,0
7718.51,11042.82,-0.301,0,12,0,0,1774,32.7963,1,0
32992.91,4227.0,6.8037,8,4,0,3,90,1.6002,1,1
22488.36,19539.09,0.1509,3,14,0,0,188,14.0296,1,0
3956.25,8818.98,-0.5513,3,15,0,0,1891,85.5705,0,0
4484.65,4569.4,-0.0185,2,15,0,0,1253,40.2012,0,0
8414.28,7848.74,0.072,2,15,1,0,1095,32.6377,0,0
4650.83,5131.77,-0.0937,3,9,0,0,1580,50.3823,0,0
83530.49,12332.88,5.7725,8,5,0,1,102,0.6765,1,1
6400.06,8006.19,-0.2006,2,6,0,0,308,9.8236,0,0
39853.46,24027.15,0.6587,0,17,0,0,116,5.1992,1,0
9114.18,11833.45,-0.2298,2,23,0,0,1468,4.8819,1,0
21308.52,24196.44,-0.1193,1,9,0,0,201,10.8303,1,0
3687.54,7800.6,-0.5272,3,14,0,0,1386,36.5497,1,0
12340.5,14555.72,-0.1522,2,9,0,0,828,20.0893,1,0
25473.88,15607.3,0.6321,2,17,0,0,1504,9.2244,1,0
18635.69,15704.38,0.1866,3,7,1,0,288,6.1998,1,0
2290.27,3621.19,-0.3674,0,12,0,0,1457,92.6962,1,0
1022.15,7468.65,-0.863,2,15,1,0,1321,264.9455,1,0
11282.22,9597.55,0.1755,1,9,0,0,1680,9.888,0,0
15928.92,11073.34,0.4385,3,16,0,0,1016,24.5908,1,0
8246.75,15402.18,-0.4645,2,19,0,0,339,43.0637,0,0
5817.11,14210.04,-0.5906,1,14,0,0,1613,44.934,0,0
23808.08,23349.0,0.0197,3,14,1,0,573,4.0971,1,0
11479.76,10692.3,0.0736,1,0,0,0,606,28.4212,0,0
18115.41,21913.56,-0.1733,3,12,0,0,1986,3.4269,1,0
24488.24,16250.41,0.5069,2,7,1,0,1802,2.2528,0,0
17468.65,19952.72,-0.1245,0,5,0,0,221,19.5306,0,0
17261.17,12138.36,0.422,1,6,0,0,831,1.4831,0,0
21284.67,16429.8,0.2955,2,14,1,0,1479,13.1167,0,0
19916.06,19175.9,0.0386,0,8,0,0,988,19.5446,1,0
31053.31,20248.65,0.5336,0,7,0,0,1381,9.9112,1,0
38620.58,21834.27,0.7688,3,2,0,0,1110,3.3157,0,0
8403.91,11119.57,-0.2442,2,14,1,0,1764,45.3422,1,0
1614.12,6182.17,-0.7388,3,15,0,0,1720,93.6441,1,0
3092.49,3580.03,-0.1361,0,6,0,0,202,55.2336,1,0
15662.24,20699.65,-0.2433,0,6,0,0,1540,15.6742,0,0
16533.64,20054.34,-0.1755,1,20,0,0,1785,9.6168,0,0
14308.26,15565.2,-0.0807,0,21,0,0,522,11.5286,1,0
11327.82,9212.01,0.2297,3,6,0,0,1650,32.7275,1,0
20350.81,17671.41,0.1516,3,23,0,0,1214,7.4107,0,0
16799.88,17100.51,-0.0176,0,3,0,0,415,17.9108,0,0
14964.66,11843.09,0.2636,2,20,0,0,1198,17.1239,1,0
17150.92,21087.62,-0.1867,2,15,1,0,1455,2.3826,0,0
18372.54,20338.64,-0.0967,0,15,1,0,1295,11.5885,0,0
6367.38,12885.23,-0.5058,0,2,0,0,414,60.9879,0,0
16937.81,17317.76,-0.0219,3,7,1,0,574,6.6789,1,0
22261.0,16771.02,0.3273,2,7,1,0,1130,13.3672,1,0
6892.53,5160.78,0.3355,1,9,0,0,1615,50.7986,1,0
4752.7,4562.26,0.0417,2,6,1,0,1194,33.0726,0,0
9536.37,17801.64,-0.4643,0,11,0,0,1433,35.2342,0,0
16153.5,10459.88,0.5443,3,12,0,0,310,5.9205,1,0
8257.38,11126.84,-0.2579,1,18,0,0,339,23.8209,1,0
34668.27,24918.7,0.3912,0,12,0,0,528,10.4022,0,0
25440.24,19260.0,0.3209,0,7,0,0,962,3.3288,0,0
14645.45,11760.76,0.2453,0,12,0,0,1435,14.7881,1,0
8429.98,17186.94,-0.5095,3,8,0,0,1852,15.2206,1,0
20155.74,24923.45,-0.1913,1,14,0,0,111,2.2519,0,0
5388.43,18723.02,-0.7122,0,7,0,0,222,21.138,1,0
16143.82,12692.65,0.2719,1,14,0,0,1037,12.8124,0,0
7991.35,13632.01,-0.4137,1,11,0,0,1219,49.9705,0,0
31046.03,19253.93,0.6124,1,4,0,0,163,8.8713,0,0
31604.23,22344.63,0.4144,0,7,1,0,1113,8.8413,0,0
22888.7,20772.35,0.1019,1,7,0,0,1267,6.5404,0,0
4901.58,5057.8,-0.0309,0,11,1,0,450,68.2664,0,0
5159.5,8724.93,-0.4086,3,6,1,0,1043,55.8601,0,0
277514.38,8472.33,31.7516,6,5,1,2,288,0.1964,1,1
10584.86,16095.98,-0.3424,1,6,0,0,141,6.177,0,0
12348.62,19958.46,-0.3813,0,2,0,0,1199,7.7462,0,0
12266.18,18429.15,-0.3344,0,17,0,0,895,10.2479,0,0
10839.88,17337.51,-0.3748,1,6,0,0,732,14.3847,0,0
415502.77,13004.52,30.9483,3,0,1,2,14,0.0787,1,1
6620.94,5853.76,0.131,0,15,0,0,1951,25.8491,1,0
22998.21,23491.91,-0.021,1,16,0,0,144,7.1078,0,0
12289.64,17863.69,-0.312,1,11,0,0,264,13.974,1,0
10101.97,14206.92,-0.2889,0,6,1,0,395,14.4351,1,0
11404.72,7628.5,0.4949,3,14,1,0,1600,31.4135,1,0
10864.15,11463.18,-0.0523,2,20,0,0,1125,24.1875,1,0
17001.81,18682.49,-0.09,3,18,0,0,1517,22.1832,0,0
8765.01,12812.25,-0.3159,1,15,0,0,1837,8.7246,1,0
6932.51,3869.3,0.7915,3,18,0,0,577,46.1564,1,0
21173.0,23753.33,-0.1086,2,23,0,0,1282,8.7464,1,0
16658.2,9125.27,0.8254,3,20,0,0,308,7.9637,1,0
17973.28,18220.59,-0.0136,0,15,0,0,1863,11.1872,1,0
26413.78,20534.98,0.2863,3,13,0,0,1354,5.2246,1,0
23827.52,18973.12,0.2558,3,19,0,0,1021,14.1948,0,0
17806.03,16322.0,0.0909,3,11,1,0,1209,3.6405,0,0
5902.82,5655.14,0.0438,2,17,0,0,1170,25.2927,0,0
3360.58,8460.81,-0.6027,0,15,0,0,386,46.1634,0,0
17903.42,16798.22,0.0658,1,7,1,0,225,1.214,1,0
16762.28,20756.28,-0.1924,1,16,0,0,177,16.5642,0,0
4756.04,5647.8,-0.1579,1,7,0,0,232,51.0597,0,0
11382.94,13703.38,-0.1693,2,14,0,0,359,15.7735,0,0
8438.82,10593.15,-0.2034,1,8,0,0,203,32.1418,1,0
12898.2,10374.14,0.2433,1,17,0,0,124,21.3705,0,0
19427.43,14841.16,0.309,2,6,0,0,1339,7.2205,0,0
23826.92,20718.53,0.15,1,10,0,0,1637,16.6116,1,0
5538.36,7702.99,-0.281,0,10,0,0,1109,19.5702,0,0
12818.99,17544.41,-0.2693,3,12,0,0,1355,4.9196,1,0
15762.2,13489.75,0.1684,0,0,0,0,276,17.661,1,0
21464.3,18948.12,0.1328,0,7,0,0,1082,18.3418,0,0
11790.23,17361.14,-0.3209,0,14,0,0,140,21.1068,0,0
30606.4,20205.11,0.5148,2,8,0,0,1330,8.8129,0,0
20953.04,12942.11,0.6189,0,14,0,0,977,2.346,1,0
173947.85,7395.53,22.5176,4,22,1,0,270,0.2623,1,1
4167.7,3463.04,0.2034,1,17,0,0,414,19.6486,0,0
19557.89,22830.44,-0.1433,3,1,0,0,298,19.4424,0,0
29417.86,22535.35,0.3054,2,22,0,0,539,11.9047,0,0
7040.34,6677.63,0.0543,0,23,0,0,1714,5.1435,1,0
293660.29,11588.08,24.3395,9,15,1,0,398,0.0817,1,1
18915.84,22686.44,-0.1662,1,8,0,0,782,10.4798,1,0
11620.05,12098.81,-0.0396,1,9,0,0,79,13.665,1,0
4169.78,11748.67,-0.645,1,19,0,0,904,52.0393,0,0
31017.43,23221.35,0.3357,3,8,1,0,1431,3.4596,1,0
8442.49,10736.22,-0.2136,1,18,0,0,1169,31.9252,0,0
12750.96,14374.15,-0.1129,0,11,0,0,152,10.5092,0,0
21475.68,18108.71,0.1859,0,18,0,0,804,3.6548,0,0
9035.96,21868.24,-0.5868,2,9,1,0,1579,18.7376,0,0
19081.45,14296.73,0.3346,3,11,0,0,406,11.1896,0,0
3789.88,9499.18,-0.601,2,11,0,0,536,27.2215,1,0
11541.99,18426.71,-0.3736,0,22,0,0,1355,30.569,1,0
8490.69,12408.72,-0.3157,0,22,0,0,1577,3.5936,0,0
245802.12,8420.86,28.1863,6,5,0,1,238,0.2065,1,1
6398.65,11955.68,-0.4648,3,14,1,0,68,31.8744,0,0
13403.41,10552.5,0.2701,2,12,0,0,852,21.5422,0,0
6188.47,5033.07,0.2295,2,10,0,0,950,25.0358,1,0
24777.49,23434.59,0.0573,1,10,0,0,633,9.8392,0,0
16699.2,20962.88,-0.2034,0,21,0,0,1147,10.1385,0,0
7982.09,7989.21,-0.0009,2,12,0,0,1743,36.29,1,0
18763.37,22223.07,-0.1557,3,13,0,0,561,10.2076,0,0
1492.58,4292.46,-0.6521,1,6,0,0,335,236.0455,1,0
11611.9,23843.86,-0.513,2,21,0,0,1462,6.4251,1,0
24460.39,21792.14,0.1224,0,11,0,0,451,4.0579,1,0
29272.99,23910.76,0.2243,0,5,0,0,799,8.966,1,0
9637.31,17703.84,-0.4556,1,9,0,0,327,36.9112,1,0
110443.79,3759.86,28.3669,9,17,1,1,15,0.144,1,1
18818.81,22028.92,-0.1457,3,15,1,0,1559,11.9208,1,0
26446.97,15984.78,0.6545,0,7,0,0,1956,8.0364,0,0
4049.69,5346.37,-0.2425,2,1,0,0,840,32.6935,0,0
15481.46,13723.07,0.1281,2,8,0,0,642,5.1116,0,0
24531.11,23342.13,0.0509,0,21,1,0,547,4.9636,1,0
1941.97,3160.39,-0.3854,0,14,1,0,1411,77.7796,1,0
22741.33,17001.17,0.3376,1,14,0,0,194,11.2202,1,0
8946.57,6611.42,0.3531,0,8,0,0,277,32.8796,1,0
4314.28,5985.2,-0.2791,3,13,0,0,1823,12.1724,1,0
5766.62,6650.8,-0.1329,2,13,0,0,977,56.361,0,0
11179.73,10086.46,0.1084,2,10,0,0,633,23.0075,0,0
23491.8,22008.2,0.0674,1,1,0,0,470,10.5735,1,0
4914.53,4984.33,-0.014,1,10,0,0,1667,5.2071,0,0
34440.59,24777.32,0.39,0,10,0,0,321,4.5837,0,0
18679.24,17659.83,0.0577,1,6,1,0,1206,4.1929,0,0
10424.69,17479.67,-0.4036,1,11,0,0,1947,9.27,1,0
4723.13,11406.46,-0.5859,1,15,0,0,1311,27.5702,0,0
136077.31,5667.25,23.0071,5,1,1,0,287,0.3527,1,1
7758.83,18841.64,-0.5882,3,11,0,0,632,36.3966,0,0
2406.57,16679.59,-0.8557,3,7,1,0,1024,109.239,0,0
11620.27,20802.87,-0.4414,3,12,0,0,1511,15.9439,0,0
15154.16,13828.99,0.0958,3,2,0,0,1262,9.0689,0,0
21476.94,20888.52,0.0282,2,21,0,0,1157,4.2738,1,0
8563.05,10820.07,-0.2086,0,6,0,0,397,28.3179,1,0
5639.66,8594.73,-0.3438,0,9,0,0,1428,28.7888,0,0
22656.99,23689.62,-0.0436,0,6,1,0,999,3.682,1,0
3858.47,3241.49,0.1903,0,8,0,0,1197,25.0438,1,0
16816.39,22782.3,-0.2619,2,15,0,0,952,7.0641,1,0
16087.42,16453.11,-0.0222,0,13,0,0,1723,13.6488,1,0
25211.03,18246.52,0.3817,3,16,0,0,554,11.1456,0,0
3552.64,7276.88,-0.5117,0,7,0,0,478,10.3229,1,0
9556.91,16990.72,-0.4375,0,22,0,0,1376,29.6629,0,0
246859.57,13967.45,16.6727,7,1,1,1,356,0.0576,1,1
16900.16,14665.58,0.1524,2,22,0,0,1910,13.1288,1,0
22510.0,20032.52,0.1237,2,17,1,0,467,1.9418,0,0
4678.8,3103.7,0.5073,1,14,0,0,1638,26.4842,1,0
10890.22,11912.2,-0.0858,3,7,0,0,189,14.7974,0,0
12697.01,12968.37,-0.0209,3,17,0,0,799,13.6309,1,0
3712.25,7865.25,-0.528,2,2,0,0,1471,105.6879,1,0
13357.73,17033.43,-0.2158,1,8,0,0,685,23.6505,1,0
10046.33,10982.03,-0.0852,2,6,0,0,590,14.6045,0,0
17753.29,17286.9,0.027,3,7,0,0,602,9.2463,1,0
8933.38,6479.88,0.3786,2,13,1,0,1760,17.2237,0,0
30959.28,20560.91,0.5057,0,15,0,0,652,4.1957,1,0
28115.06,24521.47,0.1465,0,9,0,0,992,9.1472,0,0
86541.48,3192.68,26.098,4,16,1,0,146,0.6633,1,1
16321.08,17156.21,-0.0487,2,2,1,0,1391,15.3451,0,0
24225.16,23509.86,0.0304,3,2,0,0,108,13.6953,0,0
4007.5,5427.84,-0.2616,3,8,0,0,414,48.1552,0,0
23669.03,22367.04,0.0582,2,13,0,0,421,12.1018,0,0
11559.58,12896.22,-0.1036,1,16,0,0,1289,29.2218,1,0
23775.19,17110.9,0.3895,0,0,1,0,1065,15.0984,1,0
32192.4,21720.1,0.4821,3,16,0,0,681,11.5519,0,0
11231.28,19203.08,-0.4151,3,14,0,0,1391,4.1617,0,0
11282.58,14406.75,-0.2168,3,7,0,0,1285,32.0898,1,0
13223.21,11115.35,0.1896,0,21,1,0,561,27.4568,1,0
6157.96,4162.75,0.4792,3,14,0,0,650,63.2229,1,0
7958.05,6420.81,0.2394,0,21,0,0,788,37.6252,1,0
172060.58,5351.86,31.1438,3,22,1,3,400,0.239,1,1
7597.26,10176.41,-0.2534,2,14,1,0,1005,14.3068,1,0
18136.52,18852.74,-0.038,2,13,0,0,123,7.3118,1,0
13746.23,8968.19,0.5327,0,4,0,0,1387,14.3073,1,0
72518.1,7590.98,8.5521,3,1,1,3,70,0.7616,1,1
15172.09,15164.93,0.0005,0,12,0,0,116,22.4927,0,0
16499.83,18430.84,-0.1048,0,12,0,0,353,16.4746,0,0
98988.36,10857.99,8.1159,4,21,1,3,245,0.5637,1,1
14309.41,11892.34,0.2032,0,0,0,0,765,11.202,0,0
29050.87,21111.62,0.376,3,5,0,0,789,6.8579,0,0
75460.47,5432.0,12.8895,5,3,1,1,177,0.7494,1,1
112129.22,13421.82,7.3537,5,5,1,3,285,0.0473,1,1
20265.34,14679.05,0.3805,2,20,0,0,1247,19.0226,1,0
6302.95,5489.77,0.1481,1,10,0,0,81,45.1342,0,0
15018.29,12004.81,0.251,2,22,0,0,1607,12.9384,0,0
7537.36,11008.77,-0.3153,1,10,1,0,1517,26.47,1,0
18290.18,12832.46,0.4253,1,19,0,0,1931,10.7279,0,0
8758.5,7526.14,0.1637,3,10,0,0,1498,10.2254,0,0
169640.22,9917.15,16.1041,7,3,0,1,359,0.0731,1,1
8242.97,24595.16,-0.6648,3,10,0,0,1768,44.0145,1,0
13087.5,9310.03,0.4057,1,9,1,0,1970,22.3874,0,0
14868.8,11112.65,0.338,2,11,0,0,1330,14.6047,0,0
17771.31,23172.89,-0.2331,3,17,1,0,1708,21.1227,1,0
7822.26,5921.81,0.3209,3,6,0,0,212,39.5536,1,0
11348.71,10651.7,0.0654,2,21,1,0,1689,2.6324,1,0
161063.97,4790.87,32.6121,3,1,1,0,281,0.2881,1,1
9019.39,11061.02,-0.1846,0,17,0,0,809,36.3211,0,0
22920.14,24045.79,-0.0468,2,6,0,0,338,2.6857,1,0
20884.11,22784.86,-0.0834,2,1,0,0,325,17.8563,1,0
7601.63,8311.57,-0.0854,2,14,0,0,1509,43.8522,0,0
2838.95,9076.42,-0.6871,3,6,0,0,1190,112.2869,1,0
11483.3,20402.42,-0.4371,3,7,0,0,1209,6.2446,0,0
12033.09,13896.7,-0.1341,1,9,0,0,1948,8.7208,0,0
2712.58,5170.32,-0.4753,1,16,0,0,446,140.3998,0,0
24194.48,22456.09,0.0774,2,18,0,0,572,9.8085,0,0
10546.03,8480.46,0.2435,3,7,1,0,1665,23.8273,0,0
7853.65,5779.27,0.3589,3,18,0,0,562,8.273,1,0
13512.19,13757.49,-0.0178,0,17,0,0,188,12.5256,1,0
3609.29,5045.28,-0.2846,0,6,0,0,1964,40.6176,1,0
32718.08,21849.02,0.4974,2,7,1,0,1036,11.5178,1,0
333949.44,9503.72,34.1352,6,5,1,1,67,0.1096,1,1
222658.49,6420.52,33.6739,5,5,0,2,237,0.2561,1,1
44851.23,7381.04,5.0759,3,13,1,1,323,0.7744,1,1
7609.39,6420.55,0.1851,2,6,0,0,765,50.4233,1,0
15317.16,17075.3,-0.103,2,12,0,0,213,14.5473,0,0
34789.23,21575.7,0.6124,3,7,0,0,764,5.8469,1,0
5987.53,8197.39,-0.2695,1,14,0,0,1612,54.5939,0,0
12852.61,8225.66,0.5624,2,16,0,0,509,14.6881,1,0
4290.72,3477.43,0.2338,1,6,0,0,349,29.0941,0,0
1310.87,7761.74,-0.831,3,9,0,0,1537,152.3972,1,0
16589.31,16148.27,0.0273,0,16,0,0,293,17.4656,1,0
16334.07,17347.19,-0.0584,1,7,0,0,467,3.3939,1,0
33024.0,23632.0,0.3974,3,22,0,0,164,5.0798,0,0
11905.18,17700.73,-0.3274,0,10,0,0,1331,32.1088,0,0
27973.21,17995.08,0.5545,2,4,0,0,481,7.262,1,0
14374.32,12172.0,0.1809,1,21,0,0,1783,20.5949,1,0
2922.49,8998.75,-0.6752,2,9,0,0,187,53.1126,1,0
3762.15,3451.26,0.0901,1,6,0,0,915,45.9484,1,0
2881.82,4607.2,-0.3744,0,13,0,0,1027,69.6864,0,0
9524.02,8843.91,0.0769,2,11,0,0,652,33.7216,1,0
91224.7,4690.21,18.4461,9,1,1,0,122,0.3625,1,1
10050.17,7514.12,0.3375,0,0,1,0,1437,34.6853,1,0
33176.51,24379.83,0.3608,3,10,0,0,1507,4.9116,0,0
10202.44,11381.36,-0.1036,3,21,0,0,552,20.2445,0,0
14477.78,22819.04,-0.3655,3,14,0,0,370,21.6971,1,0
15208.53,20211.57,-0.2475,2,11,0,0,516,19.0498,0,0
15716.12,15501.09,0.0139,1,6,0,0,482,15.6443,1,0
7130.82,5444.4,0.3097,3,7,0,0,1845,27.6091,0,0
15380.92,16348.79,-0.0592,0,10,1,0,1958,11.186,1,0
5284.32,5656.21,-0.0657,1,11,0,0,1775,29.544,0,0
27089.24,17850.54,0.5175,3,12,1,0,1067,9.9973,0,0
27375.83,21750.99,0.2586,1,6,0,0,796,4.7502,0,0
7092.24,7689.39,-0.0776,1,10,0,0,1737,50.0094,1,0
16955.72,9155.33,0.8519,0,17,0,0,784,7.6918,0,0
17595.24,23606.4,-0.2546,1,13,0,0,976,15.1313,0,0
236465.2,10532.81,21.4483,9,7,0,1,317,0.1093,1,1
11903.05,10967.31,0.0853,3,22,0,0,1592,6.5781,0,0
9569.17,19777.46,-0.5161,1,13,1,0,1320,40.1537,1,0
12311.07,13804.27,-0.1082,3,17,0,0,423,24.5303,0,0
12933.83,10818.32,0.1955,2,17,0,0,1829,10.428,0,0
28740.5,16272.46,0.7662,0,6,0,0,1730,5.6919,1,0
131693.79,5769.68,21.8214,7,10,1,0,221,0.0632,1,1
26814.58,22034.34,0.2169,1,15,0,0,530,11.9482,0,0
1968.09,6934.47,-0.7161,3,19,0,0,44,91.9943,0,0
3407.6,8594.37,-0.6034,0,11,0,0,769,99.3983,0,0
14483.8,13263.81,0.092,2,17,0,0,849,21.5379,0,0
22819.54,19788.4,0.1532,3,21,0,0,1228,3.7936,0,0
9601.51,8329.48,0.1527,1,17,0,0,485,23.425,1,0
12325.82,15324.13,-0.1956,1,12,0,0,1032,25.8469,1,0
3787.33,3522.56,0.0751,0,5,0,0,1656,77.187,0,0
22892.91,15916.98,0.4382,2,10,1,0,1357,9.1909,0,0
30906.54,22313.57,0.3851,3,17,0,0,761,8.8597,1,0
17837.17,19117.62,-0.067,2,14,0,0,1401,15.9484,1,0
13007.42,24490.55,-0.4689,0,10,0,0,648,12.6939,0,0
5292.07,5484.43,-0.0351,2,0,0,0,1227,49.2163,0,0
2575.68,5280.61,-0.5121,2,13,0,0,388,27.4367,1,0
16970.59,17983.78,-0.0563,2,11,0,0,1013,7.0545,0,0
10234.04,9507.39,0.0764,0,1,0,0,361,25.9992,1,0
9594.2,21462.89,-0.553,1,8,0,0,1541,35.5578,1,0
8931.28,24132.91,-0.6299,1,13,0,0,1107,6.3708,1,0
20918.05,14888.15,0.405,0,21,0,0,1458,9.9052,1,0
147588.39,9024.37,15.3527,3,23,1,3,171,0.2628,1,1
454122.59,13522.47,32.5804,3,1,1,1,52,0.1051,1,1
17584.9,21049.2,-0.1646,2,17,0,0,578,1.3016,1,0
11945.95,24345.96,-0.5093,1,12,0,0,1788,6.2734,0,0
3488.63,3824.14,-0.0877,1,21,0,0,193,29.5893,1,0
21026.61,22438.68,-0.0629,0,7,0,0,838,13.7678,0,0
3631.85,6112.51,-0.4058,3,0,0,0,354,28.1414,0,0
18440.12,9566.98,0.9274,1,15,0,0,1012,16.9754,0,0
14400.32,16325.21,-0.1179,0,9,0,0,234,14.908,0,0
17894.33,13771.71,0.2993,3,5,0,0,784,13.0739,1,0
4606.28,5112.93,-0.0991,2,12,0,0,762,47.7716,0,0
26050.73,23721.38,0.0982,3,12,0,0,1980,6.9106,0,0
26975.04,14441.63,0.8678,2,21,0,0,720,14.2935,1,0
19198.06,16961.87,0.1318,0,13,0,0,734,8.8947,0,0
35621.39,23438.4,0.5198,0,12,1,0,234,10.5433,0,0
19520.26,16281.97,0.1989,3,5,0,0,1317,11.4627,1,0
10593.71,13014.35,-0.186,3,19,0,0,352,14.8043,0,0
23086.44,21257.45,0.086,2,13,0,0,247,16.74,0,0
5052.01,5833.41,-0.1339,2,6,1,0,133,72.0224,0,0
18383.55,19348.9,-0.0499,1,12,0,0,266,5.4434,1,0
5682.16,4154.8,0.3675,3,6,0,0,40,31.1542,1,0
6731.75,10620.06,-0.3661,1,13,0,0,828,44.8816,0,0
2257.52,3150.26,-0.2833,2,9,0,0,53,53.7776,0,0
26026.71,18097.85,0.4381,3,19,0,0,522,2.2585,0,0
14572.1,12290.91,0.1856,0,8,0,0,1680,4.8189,0,0
20404.03,18984.1,0.0748,2,12,0,0,1751,15.5972,1,0
137863.03,4082.81,32.7587,8,4,1,1,374,0.3773,1,1
23926.03,16884.5,0.417,3,14,0,0,803,8.383,1,0
5922.68,5402.62,0.0962,2,19,1,0,979,28.2733,0,0
13415.54,12728.17,0.054,3,7,0,0,476,3.6817,0,0
13533.72,15402.27,-0.1213,0,3,0,0,662,23.664,0,0
11804.46,16121.37,-0.2678,3,7,0,0,1450,20.1963,1,0
6661.48,6400.21,0.0408,0,11,1,0,268,54.1662,1,0
6214.6,8158.86,-0.2383,0,6,0,0,1451,23.7502,0,0
7462.21,6242.52,0.1954,3,0,0,0,1644,9.4626,0,0
6226.19,5009.9,0.2427,1,13,0,0,496,7.097,0,0
10583.63,9019.96,0.1733,2,17,0,0,1047,16.8515,1,0
5615.98,4676.97,0.2007,0,19,0,0,520,14.0852,0,0
10774.31,8513.32,0.2656,2,6,0,0,1122,24.2519,0,0
7764.63,7962.07,-0.0248,2,16,0,0,1265,33.589,0,0
24940.51,21640.62,0.1525,1,3,0,0,576,1.1869,1,0
5307.45,5742.99,-0.0758,0,14,0,0,1407,8.3677,1,0
5332.08,6217.36,-0.1424,1,17,0,0,1032,26.7007,0,0
27304.73,16390.11,0.6659,0,15,0,0,970,10.8743,1,0
5003.68,4936.11,0.0137,2,13,0,0,1442,61.9139,0,0
27841.43,23470.94,0.1862,1,8,0,0,347,9.8115,0,0
23592.38,15771.84,0.4958,3,2,1,0,315,11.4326,0,0
13718.55,10265.79,0.3363,1,3,0,0,1268,11.7358,1,0
12753.81,14069.72,-0.0935,2,19,0,0,1207,16.8602,0,0
6723.9,11952.35,-0.4374,1,0,0,0,902,7.0879,0,0
19206.27,19658.53,-0.023,1,7,1,0,1380,3.8184,1,0
3765.3,8264.94,-0.5444,1,9,1,0,453,25.4675,1,0
19074.4,15567.29,0.2253,2,17,0,0,534,13.2826,1,0
10671.43,10011.07,0.066,2,17,0,0,617,5.4019,1,0
21900.55,15450.52,0.4174,0,12,0,0,1769,12.3908,0,0
4454.42,6115.93,-0.2716,1,14,0,0,912,46.9487,0,0
11772.86,13051.57,-0.098,2,9,0,0,689,8.2251,0,0
1336.73,7549.03,-0.8228,2,10,1,0,1835,272.8023,0,0
5124.34,5386.83,-0.0487,1,22,0,0,1049,12.7547,0,0
23603.0,20737.43,0.1382,1,11,0,0,105,5.9153,1,0
22297.36,21990.08,0.014,3,12,0,0,1821,16.7043,1,0
29104.57,19986.22,0.4562,2,22,0,0,1612,1.575,0,0
27313.15,16093.85,0.6971,1,20,0,0,1072,1.6719,0,0
24239.91,22997.87,0.054,3,21,0,0,1471,12.4484,0,0
1601.16,3221.09,-0.5028,0,23,0,0,1504,110.454,0,0
11369.26,10282.77,0.1057,3,14,0,0,1333,3.8012,1,0
7140.93,6248.9,0.1427,0,9,0,0,709,21.0648,0,0
16626.63,11318.35,0.469,0,9,1,0,1314,7.1557,0,0
17621.57,20792.06,-0.1525,0,17,0,0,779,2.484,0,0
12111.31,12598.4,-0.0387,2,12,0,0,528,4.3883,1,0
34888.54,23437.28,0.4886,2,15,1,0,1403,2.9735,0,0
13605.74,13962.32,-0.0255,2,9,0,0,1810,2.2001,0,0
13090.05,19563.75,-0.3309,1,16,0,0,333,6.0456,1,0
4604.65,4177.79,0.1021,3,17,1,0,972,59.6289,1,0
11018.59,13274.96,-0.17,3,12,0,0,425,29.713,0,0
15308.12,15106.34,0.0134,1,11,0,0,1351,23.4903,0,0
18433.99,15681.28,0.1755,1,8,0,0,193,21.0326,1,0
11873.56,18698.79,-0.365,1,7,0,0,235,10.6171,0,0
23499.33,21123.86,0.1124,1,22,0,0,1113,12.3503,0,0
24028.25,24708.39,-0.0275,1,17,0,0,1227,15.4717,1,0
5581.67,11283.5,-0.5053,2,6,0,0,1986,42.7922,1,0
44928.55,24721.3,0.8174,1,8,0,0,1848,7.8549,0,0
124613.93,3304.75,36.6964,3,0,1,2,328,0.0429,1,1
3094.03,3077.72,0.0053,3,13,0,0,1837,67.5594,0,0
14990.88,15532.86,-0.0349,0,14,0,0,1225,16.0079,1,0
13867.6,12827.07,0.0811,1,14,0,0,250,11.9095,1,0
6773.97,10826.37,-0.3743,2,9,0,0,746,37.4764,1,0
27241.55,19732.8,0.3805,2,18,0,0,1441,6.4791,1,0
15017.76,13030.38,0.1525,2,11,0,0,304,14.4958,0,0
33904.93,21918.78,0.5468,1,17,0,0,227,11.6433,1,0
3415.84,4112.73,-0.1694,1,17,0,0,1729,42.9442,1,0
6180.63,5871.83,0.0526,0,12,0,0,1240,22.1282,0,0
27824.76,22811.08,0.2198,3,10,0,0,297,6.1709,0,0
12124.14,21466.33,-0.4352,0,12,0,0,596,10.5085,1,0
26877.62,19435.32,0.3829,2,9,1,0,282,1.2296,0,0
6860.07,8036.39,-0.1464,1,17,0,0,1183,35.7491,0,0
22280.49,23387.77,-0.0473,3,20,0,0,1036,9.7143,1,0
22544.9,24266.5,-0.0709,3,7,0,0,504,13.3133,1,0
13286.53,11990.23,0.1081,0,14,0,0,44,6.9108,0,0
25546.05,24920.44,0.0251,2,12,1,0,1692,12.5745,0,0
9606.21,14441.06,-0.3348,1,8,0,0,1019,13.1158,0,0
18552.46,24572.98,-0.245,2,18,0,0,1144,11.7564,1,0
36373.09,24241.57,0.5004,1,19,0,0,510,4.8748,1,0
18475.24,15778.56,0.1709,2,9,0,0,62,2.416,1,0
4830.47,8395.09,-0.4246,0,15,0,0,1217,53.7418,0,0
8326.48,17635.74,-0.5278,1,23,0,0,1530,17.1709,1,0
16292.98,17647.36,-0.0767,0,4,0,0,1006,9.4685,1,0
24454.41,18726.99,0.3058,1,0,1,0,1525,3.8589,1,0
10845.76,11170.74,-0.0291,1,3,0,0,176,4.6544,1,0
17309.76,17610.39,-0.0171,2,9,0,0,1309,12.4056,0,0
271453.53,11923.92,21.7636,6,3,1,2,134,0.0512,1,1
11071.21,9486.29,0.1671,0,14,0,0,881,13.2641,1,0
5750.02,4251.44,0.3524,2,10,0,0,530,22.1502,1,0
5235.64,21640.57,-0.758,0,12,1,0,180,34.7521,1,0
121632.12,7400.29,15.434,4,20,1,0,381,0.4589,1,1
7182.02,4704.54,0.5265,0,8,0,0,790,26.2632,1,0
24981.47,16799.33,0.487,2,19,0,0,277,2.3505,1,0
31788.05,24651.63,0.2895,0,8,0,0,948,4.6851,0,0
15889.33,15655.07,0.015,0,9,1,0,1462,6.9685,1,0
323291.71,13268.39,23.3638,5,2,0,3,378,0.0699,1,1
10095.33,9827.89,0.0272,0,18,1,0,1415,14.3011,1,0
4819.98,6205.31,-0.2232,2,11,0,0,792,62.0981,0,0
2585.2,3338.06,-0.2255,2,10,0,0,493,88.4872,1,0
12648.79,8986.26,0.4075,3,18,0,0,1313,31.2594,0,0
24297.06,22931.0,0.0596,2,9,0,0,1153,2.3496,1,0
15080.78,11297.43,0.3349,0,7,0,0,657,3.9717,1,0
21979.36,16900.87,0.3005,1,20,0,0,624,9.4244,1,0
8236.67,16634.68,-0.5048,0,6,0,0,34,35.4526,0,0
4351.05,3145.62,0.3831,2,11,0,0,1484,60.373,1,0
4348.83,4106.26,0.0591,1,12,0,0,1831,37.7163,0,0
12501.23,12825.86,-0.0253,2,17,0,0,128,3.6603,0,0
25967.76,24639.61,0.0539,1,13,0,0,1248,9.9379,0,0
13503.3,11928.53,0.132,0,12,0,0,369,23.7857,0,0
26932.61,16306.67,0.6516,2,11,0,0,215,11.3197,1,0
4456.4,5711.17,-0.2197,3,13,1,0,654,4.9157,0,0
27921.78,23127.19,0.2073,3,2,0,0,1739,4.6556,1,0
37311.23,20934.79,0.7822,3,23,0,0,749,5.9827,0,0
524067.72,13162.48,38.8123,6,20,0,0,110,0.0463,1,1
13399.62,12499.24,0.072,1,9,0,0,1183,7.3468,1,0
8486.04,7036.74,0.2059,0,11,1,0,1157,23.0703,0,0
3712.21,22797.74,-0.8371,1,8,0,0,1947,97.0805,0,0
3267.06,3113.5,0.0493,0,23,0,0,1442,72.6093,0,0
17525.9,19777.32,-0.1138,3,18,1,0,1706,13.5881,1,0
27423.91,22567.89,0.2152,2,14,0,0,1723,14.0047,1,0
5103.63,6778.22,-0.247,3,10,0,0,1761,23.2736,0,0
14822.92,14825.24,-0.0002,0,10,0,0,1634,11.7395,1,0
15515.31,10286.7,0.5082,2,6,0,0,1044,24.515,1,0
3928.0,4595.7,-0.1453,2,9,0,0,352,61.768,1,0
112616.85,9172.01,11.2771,6,22,1,0,104,0.3557,1,1
8718.59,24191.47,-0.6396,1,8,0,0,538,15.9998,1,0
9056.14,12515.12,-0.2764,0,7,0,0,1351,13.663,0,0
8157.28,6497.5,0.2554,2,5,0,0,1358,32.9412,0,0
10794.1,7445.74,0.4496,0,2,0,0,825,18.9383,1,0
24966.49,19358.85,0.2897,2,14,0,0,1002,1.8059,0,0
23066.93,21728.5,0.0616,1,18,0,0,964,4.0424,0,0
10987.14,15209.91,-0.2776,1,22,0,0,1202,8.5423,1,0
17939.55,17469.78,0.0269,3,9,0,0,1293,16.8787,0,0
12271.39,9155.18,0.3403,1,16,0,0,450,17.9721,1,0
214028.29,7773.83,26.5285,3,2,0,3,210,0.2114,1,1
9058.31,8744.98,0.0358,3,22,0,0,1581,16.7474,1,0
8505.16,12291.66,-0.308,1,0,0,0,1984,27.6619,0,0
4979.86,4154.63,0.1986,1,12,0,0,1583,68.3214,0,0
4862.34,4080.96,0.1914,3,7,0,0,391,34.001,1,0
15907.99,13964.6,0.1392,1,6,0,0,881,9.9453,1,0
19554.59,24086.18,-0.1881,3,14,0,0,1376,5.5281,0,0
29350.23,16252.55,0.8058,0,21,0,0,1556,3.5413,0,0
29300.13,18462.59,0.587,2,13,1,0,225,9.0462,1,0
18835.07,20528.61,-0.0825,3,8,0,0,1619,1.5994,1,0
19712.47,19434.31,0.0143,3,13,0,0,1174,4.4013,1,0
14771.03,22574.57,-0.3457,0,9,1,0,868,5.3953,1,0
5787.82,6730.82,-0.1401,3,6,0,0,595,23.2223,0,0
9184.96,16027.59,-0.4269,0,18,0,0,1987,21.3266,0,0
8926.33,8446.67,0.0568,1,15,0,0,1804,16.46,0,0
6808.8,6347.28,0.0727,2,8,0,0,1519,57.195,0,0
3763.55,3952.98,-0.0479,0,12,0,0,1863,23.0671,0,0
17132.52,11224.06,0.5264,0,6,0,0,1973,17.9729,1,0
11827.23,18405.02,-0.3574,1,11,0,0,436,19.6973,0,0
19909.82,16019.87,0.2428,0,7,0,0,324,10.6918,1,0
30583.47,16600.05,0.8423,1,13,1,0,898,11.1308,1,0
21445.08,17689.89,0.2123,1,16,0,0,938,14.4218,0,0
14619.51,12740.91,0.1474,3,17,0,0,1998,11.1686,1,0
23060.67,20984.35,0.0989,1,4,0,0,720,2.7486,1,0
5635.48,6216.38,-0.0934,3,8,0,0,509,6.2733,0,0
7252.18,18549.72,-0.609,2,21,0,0,1046,16.3612,1,0
39988.15,21129.52,0.8925,1,20,0,0,1883,5.7742,0,0
20671.46,21063.71,-0.0186,2,13,0,0,1297,5.0844,0,0
13030.51,21053.41,-0.3811,0,16,0,0,401,7.3205,0,0
26242.09,20643.89,0.2712,0,13,0,0,770,10.6135,0,0
4616.41,4217.84,0.0945,3,15,0,0,1161,48.2934,0,0
45977.19,24998.94,0.8391,1,7,1,0,1375,8.2792,0,0
7620.22,9364.41,-0.1862,0,7,0,0,1244,11.7713,0,0
17499.98,15162.75,0.1541,2,10,0,0,177,7.7837,0,0
4777.6,3124.8,0.5288,0,22,0,0,1679,78.9343,0,0
5617.23,5422.92,0.0358,1,10,0,0,994,31.4665,1,0
332747.11,11675.99,27.496,9,4,1,1,19,0.168,1,1
15538.56,14669.73,0.0592,2,21,0,0,1419,11.9179,0,0
16515.69,22628.25,-0.2701,3,7,0,0,918,23.9733,0,0
10157.88,24060.44,-0.5778,0,6,1,0,398,20.7703,1,0
29006.18,20913.39,0.3869,2,15,1,0,705,6.0389,0,0
11467.17,18064.78,-0.3652,1,16,0,0,108,22.2409,0,0
25915.5,19606.49,0.3218,0,17,0,0,1212,14.1582,1,0
13464.81,13888.44,-0.0305,1,11,0,0,781,27.309,1,0
2758.83,4161.03,-0.3369,3,13,0,0,752,71.8053,1,0
13427.45,24375.8,-0.4491,0,8,0,0,223,13.2733,1,0
23393.64,23909.12,-0.0216,2,12,1,0,145,15.8284,0,0
9290.99,11932.72,-0.2214,1,7,0,0,1923,9.2441,0,0
9308.07,16623.07,-0.44,3,13,0,0,251,34.1079,0,0
12996.85,9200.43,0.4126,3,16,0,0,1731,29.2506,0,0
13164.68,12681.01,0.0381,0,16,0,0,1374,25.968,0,0
17451.77,15671.39,0.1136,3,15,0,0,1783,8.619,0,0
14557.06,17977.88,-0.1903,3,20,0,0,516,11.8597,0,0
17465.85,14191.36,0.2307,1,0,0,0,82,2.0097,0,0
15736.53,13883.73,0.1334,2,10,0,0,1189,9.0668,1,0
12492.19,9595.39,0.3019,2,9,0,0,883,26.4131,1,0
12289.63,10364.2,0.1858,1,9,0,0,1453,26.84,0,0
6061.53,9231.42,-0.3433,3,13,0,0,481,45.8266,0,0
24215.38,17416.07,0.3904,0,5,0,0,1470,5.0627,1,0
17914.43,21319.98,-0.1597,0,21,0,0,1020,10.53,1,0
9549.73,19080.5,-0.4995,0,17,0,0,909,16.3469,1,0
4332.02,6931.83,-0.375,2,17,0,0,312,91.3065,1,0
25736.02,16740.59,0.5373,2,9,0,0,1117,9.314,0,0
14362.48,13102.24,0.0962,3,23,0,0,974,19.4796,1,0
9501.5,5174.36,0.8361,2,16,0,0,1191,36.5758,1,0
4996.88,3185.21,0.5686,3,14,0,0,1284,55.2553,1,0
22505.79,22853.74,-0.0152,0,23,0,0,1635,3.6683,1,0
2695.04,3067.26,-0.1213,0,16,0,0,447,132.7119,0,0
22389.17,17235.64,0.299,2,5,0,0,1599,7.094,0,0
7718.71,11129.46,-0.3064,2,9,0,0,699,42.3058,1,0
26205.81,20130.23,0.3018,3,6,1,0,1937,2.7837,1,0
28696.03,24434.89,0.1744,0,9,0,0,1982,8.4624,1,0
1324.85,5508.59,-0.7594,1,8,0,0,434,115.2185,0,0
1905.88,3441.72,-0.4461,0,4,0,0,798,62.5255,0,0
3974.18,8052.61,-0.5064,1,9,1,0,1514,49.0639,1,0
6424.16,8091.41,-0.206,0,9,0,0,604,33.2674,1,0
20364.7,13894.46,0.4656,3,9,0,0,1337,6.702,0,0
213877.56,11527.38,17.5523,8,5,1,3,287,0.03,1,1
18250.53,19588.39,-0.0683,0,21,1,0,1773,1.1859,1,0
9846.56,23383.41,-0.5789,1,12,1,0,770,30.419,1,0
26312.09,16247.34,0.6194,2,21,0,0,953,13.5375,1,0
18358.19,20122.8,-0.0877,1,15,0,0,863,13.6039,0,0
8649.62,18673.35,-0.5368,3,1,0,0,450,19.201,1,0
9653.25,11593.09,-0.1673,1,11,0,0,1629,8.3874,0,0
12936.37,17361.53,-0.2549,0,17,1,0,1361,12.5714,0,0
5219.21,6519.6,-0.1994,3,13,1,0,1792,31.84,1,0
10640.22,9296.27,0.1446,1,14,0,0,1506,14.4609,1,0
3131.33,3625.74,-0.1363,3,23,0,0,1556,99.157,0,0
2193.04,3476.47,-0.3691,1,7,0,0,1149,33.6551,0,0
3574.42,3921.25,-0.0884,0,8,0,0,1663,39.5646,0,0
2481.11,3474.45,-0.2858,2,17,0,0,1111,80.5363,1,0
2541.53,3686.27,-0.3105,0,13,0,0,1135,96.0517,0,0
15771.57,12694.48,0.2424,1,11,0,0,1330,22.7751,1,0
13443.16,17489.39,-0.2313,1,9,0,0,513,7.1521,1,0
10666.97,11212.65,-0.0487,2,17,0,0,1531,28.4947,1,0
29499.29,3574.99,7.2495,7,12,0,0,378,1.1535,1,1
13516.83,10850.51,0.2457,3,12,1,0,1944,27.2088,0,0
10796.52,8638.12,0.2498,2,11,0,0,1364,15.6703,1,0
5358.54,4730.24,0.1328,2,8,0,0,186,65.4532,1,0
10487.44,17101.72,-0.3867,2,18,0,0,1720,8.1095,1,0
9565.83,13236.54,-0.2773,2,17,0,0,218,6.9403,0,0
27288.09,19861.73,0.3739,0,14,0,0,690,3.2846,1,0
10592.62,14651.03,-0.277,3,7,1,0,1749,24.9976,0,0
13395.59,15341.09,-0.1268,0,13,0,0,1427,21.8101,1,0
11840.77,22311.16,-0.4693,3,23,0,0,823,9.5741,1,0
8918.99,12106.46,-0.2633,1,16,0,0,1163,26.2062,1,0
3881.84,5376.81,-0.278,3,8,1,0,90,29.685,0,0
14930.01,14858.38,0.0048,2,22,0,0,85,3.8338,0,0
5571.02,4140.98,0.3453,2,6,0,0,1044,71.4535,0,0
14205.63,18363.52,-0.2264,3,18,0,0,1234,4.4635,0,0
9847.91,8128.46,0.2115,0,11,0,0,906,25.1641,1,0
8282.93,6327.82,0.3089,0,7,0,0,405,39.0302,0,0
7710.05,10358.84,-0.2557,1,13,0,0,467,38.3265,0,0
7312.87,5102.69,0.4331,0,11,1,0,514,6.6224,0,0
13387.34,14568.07,-0.081,0,0,1,0,1372,11.892,0,0
8238.95,10589.28,-0.2219,0,9,1,0,205,3.56,0,0
7028.23,5597.25,0.2556,0,8,1,0,1315,26.0545,0,0
27989.59,23606.73,0.1857,1,21,0,0,1742,12.6919,0,0
18169.82,12735.79,0.4266,2,1,0,0,1453,15.0603,1,0
17289.1,24984.88,-0.308,3,19,0,0,1692,19.1067,0,0
175217.34,6841.4,24.6077,8,0,1,2,349,0.1836,1,1
20043.09,14719.54,0.3616,1,8,1,0,896,18.9484,1,0
17975.89,20061.98,-0.104,3,16,0,0,820,2.0352,1,0
11998.57,12071.45,-0.006,2,20,0,0,1370,4.5452,1,0
21055.53,15401.54,0.3671,0,15,0,0,1540,4.0011,1,0
18572.85,19741.14,-0.0592,2,6,0,0,700,5.5022,0,0
6056.91,6499.17,-0.068,0,14,0,0,86,4.9098,1,0
3360.42,4183.6,-0.1967,3,14,0,0,1704,73.3399,0,0
7758.64,7328.0,0.0588,0,9,0,0,1940,31.2367,0,0
7535.02,11062.19,-0.3188,1,18,1,0,898,50.9479,0,0
10081.32,11047.11,-0.0874,1,10,0,0,821,3.9118,1,0
18060.29,20432.66,-0.1161,1,12,0,0,1811,21.4067,0,0
14298.98,22073.28,-0.3522,1,6,0,0,1619,26.4109,0,0
7017.69,9209.66,-0.238,1,12,0,0,1492,21.724,1,0
5765.75,8070.74,-0.2856,2,21,0,0,514,44.2119,0,0
24924.87,21268.19,0.1719,1,7,0,0,1435,15.7818,1,0
11119.48,15405.97,-0.2782,2,17,0,0,1602,24.9981,0,0
14531.88,18773.8,-0.2259,3,8,0,0,1623,11.0052,0,0
26904.11,17050.0,0.5779,1,16,0,0,97,12.3092,0,0
6273.44,8794.6,-0.2866,2,9,0,0,122,44.1578,0,0
2953.0,6139.67,-0.5189,2,7,0,0,1918,86.94,0,0
4420.45,6251.73,-0.2929,2,13,1,0,1239,68.4707,1,0
11659.0,19950.88,-0.4156,2,20,0,0,1082,17.5803,0,0
15240.45,10577.13,0.4408,3,17,0,0,882,17.3514,0,0
16528.24,18375.84,-0.1005,2,20,0,0,1199,22.976,1,0
24948.38,24108.46,0.0348,0,21,0,0,188,8.1581,0,0
22563.0,22853.19,-0.0127,2,9,1,0,267,11.3476,0,0
5404.19,5174.48,0.0444,0,8,1,0,1763,26.866,1,0
6372.16,12611.1,-0.4947,3,15,0,0,1180,41.2545,1,0
7137.62,7394.49,-0.0347,3,9,0,0,1046,13.537,1,0
5340.37,11449.92,-0.5335,1,10,0,0,1603,60.0231,0,0
9425.78,9940.03,-0.0517,0,7,0,0,967,37.0618,1,0
12983.37,14435.12,-0.1006,2,16,0,0,734,21.4666,0,0
15633.36,22162.19,-0.2946,3,9,0,0,504,5.8005,1,0
24771.82,22624.45,0.0949,3,20,0,0,1002,7.3533,0,0
16557.11,16539.57,0.0011,2,6,0,0,1775,13.2813,0,0
14357.88,15397.87,-0.0675,2,12,0,0,633,20.3371,0,0
10854.79,10461.37,0.0376,3,6,0,0,1486,22.9185,0,0
29766.62,22832.47,0.3037,0,17,1,0,231,4.4316,0,0
4347.03,3343.87,0.2999,0,0,1,0,1477,47.1587,1,0
15706.25,13052.41,0.2033,1,6,0,0,1980,23.8268,1,0
24897.82,24741.36,0.0063,3,19,0,0,695,14.9525,1,0
105784.55,3935.9,25.8703,8,23,1,3,197,0.4213,1,1
6939.11,14928.29,-0.5351,0,3,0,0,1912,43.8366,1,0
22733.2,18489.18,0.2295,2,22,0,0,1873,5.7159,1,0
13482.84,9574.09,0.4082,0,20,0,0,1504,14.2882,0,0
20011.05,14400.96,0.3895,0,18,0,0,1591,3.1148,1,0
34263.8,24122.48,0.4204,1,9,0,0,1407,9.8111,0,0
4901.58,5461.36,-0.1025,0,8,0,0,1959,12.1262,0,0
11680.62,19920.62,-0.4136,1,10,0,0,338,22.1004,1,0
14286.83,15652.01,-0.0872,3,9,0,0,322,20.4631,0,0
10966.04,10247.39,0.0701,3,9,0,0,1533,3.3429,1,0
22258.14,18097.2,0.2299,0,9,0,0,1887,11.6461,1,0
84815.33,12342.25,5.8715,3,4,1,1,246,0.701,1,1
7235.85,12436.94,-0.4182,2,17,1,0,1465,12.5755,0,0
24951.76,19548.31,0.2764,3,9,0,0,298,6.3612,1,0
28247.33,23072.11,0.2243,1,10,0,0,661,4.3174,0,0
2581.46,3899.24,-0.3379,1,6,0,0,1135,111.4644,0,0
8488.46,9605.44,-0.1163,1,8,0,0,1444,24.2481,0,0
12848.92,16486.86,-0.2206,0,2,1,0,395,4.8231,1,0
10087.5,10091.07,-0.0004,0,23,0,0,581,38.2144,1,0
19098.03,20069.49,-0.0484,1,0,0,0,507,16.8841,1,0
13599.96,12797.88,0.0627,0,18,1,0,316,4.5112,1,0
3600.72,3290.61,0.0942,1,12,0,0,1735,73.3352,0,0
32079.0,23546.35,0.3624,0,11,0,0,973,7.6214,0,0
9632.66,14387.41,-0.3305,2,0,1,0,469,41.2612,1,0
16920.43,19120.99,-0.1151,1,21,0,0,1344,13.4556,1,0
4409.6,4230.3,0.0424,3,21,0,0,1607,74.9362,0,0
9481.58,11478.43,-0.1739,3,15,0,0,1876,39.0445,0,0
21027.68,17307.41,0.2149,2,17,1,0,496,8.7488,0,0
10256.65,19321.99,-0.4691,2,16,0,0,103,9.7578,1,0
5405.65,4182.33,0.2924,2,7,0,0,888,71.4081,0,0
15147.18,16709.42,-0.0935,2,15,0,0,1457,23.8984,0,0
10246.3,11764.73,-0.1291,0,10,0,0,1077,32.4456,1,0
13567.66,17056.89,-0.2046,1,10,0,0,1982,18.5286,1,0
323268.59,12427.29,25.0108,6,4,1,0,233,0.1378,1,1
8548.74,10541.43,-0.189,3,12,0,0,1869,28.7115,1,0
17000.14,18056.79,-0.0585,0,17,0,0,235,3.1965,0,0
1994.81,3361.38,-0.4064,0,12,0,0,1928,187.5676,1,0
15841.05,21068.41,-0.2481,0,15,0,0,476,14.6588,0,0
21787.65,20911.67,0.0419,0,18,0,0,1514,17.0988,1,0
189218.97,5621.26,32.6555,9,19,1,1,33,0.2321,1,1
12395.58,11035.37,0.1232,3,6,0,0,1552,19.0609,0,0
24060.46,13811.98,0.7419,2,10,0,0,1234,16.1581,0,0
18564.22,12792.45,0.4512,2,15,0,0,1156,18.3837,1,0
10832.23,9316.0,0.1627,1,17,1,0,1352,8.1594,1,0
7016.65,4559.09,0.5389,0,12,0,0,1137,18.9987,0,0
21178.33,22828.05,-0.0723,0,7,0,0,719,7.3834,1,0
6140.13,4874.96,0.2595,0,14,0,0,1163,37.9957,1,0
13258.69,15347.81,-0.1361,1,12,0,0,1073,29.514,0,0
7201.21,7251.72,-0.007,0,21,1,0,485,4.4774,1,0
11858.62,9199.54,0.289,3,22,1,0,489,14.2945,0,0
18355.07,17985.84,0.0205,3,14,0,0,364,10.3246,1,0
15192.74,20835.12,-0.2708,1,18,0,0,56,11.6962,0,0
20629.41,18715.06,0.1023,3,12,1,0,1756,6.9537,1,0
16198.3,15910.71,0.0181,3,9,0,0,1656,24.3957,1,0
11322.96,9960.97,0.1367,0,23,1,0,1785,10.5851,0,0
33191.08,21741.17,0.5266,0,16,0,0,707,10.5561,1,0
16613.85,13813.44,0.2027,2,9,0,0,1290,19.2625,0,0
10291.64,7868.82,0.3079,0,22,0,0,705,30.7239,0,0
3805.18,3310.53,0.1494,3,18,0,0,489,57.753,1,0
11479.21,23847.51,-0.5186,3,18,0,0,1236,13.7196,0,0
223007.69,10100.82,21.0761,8,20,1,0,140,0.0373,1,1
17312.52,16679.0,0.038,0,17,0,0,1839,7.4088,0,0
100,14411.03,-0.993,3,9,0,0,1898,1997.8314,1,0
8606.84,8996.99,-0.0434,0,8,0,0,974,14.2572,1,0
4539.33,4786.12,-0.0516,0,7,0,0,1441,24.4803,1,0
3557.79,7972.65,-0.5537,3,14,0,0,1308,34.9391,1,0
9289.9,6577.15,0.4124,0,11,0,0,327,14.4865,1,0
18934.99,19135.07,-0.0105,1,13,0,0,126,8.1589,1,0
7629.1,9489.53,-0.196,2,22,0,0,1821,46.7951,1,0
4057.59,6114.99,-0.3364,3,20,0,0,527,66.1452,1,0
24866.2,16776.07,0.4822,2,19,0,0,1294,9.3504,1,0
22423.1,17433.12,0.2862,2,11,0,0,862,8.8803,1,0
7028.64,24164.64,-0.7091,3,18,0,0,817,40.1613,1,0
6166.35,5046.59,0.2218,3,16,0,0,1561,60.007,0,0
13790.39,18135.6,-0.2396,1,15,0,0,1375,18.3509,1,0
11453.51,17966.2,-0.3625,0,23,0,0,242,32.8606,0,0
356774.7,10243.29,33.8268,3,2,1,0,83,0.1038,1,1
12988.24,15741.14,-0.1749,3,13,0,0,1157,11.1899,1,0
9003.0,9991.23,-0.0989,3,3,0,0,274,36.099,0,0
173367.53,9870.24,16.563,9,18,1,1,389,0.2921,1,1
6214.35,10007.66,-0.379,2,12,0,0,1033,54.7336,1,0
29359.35,20380.62,0.4405,0,13,0,0,176,9.7252,0,0
6700.49,9175.4,-0.2697,2,5,0,0,1141,41.6903,0,0
7055.38,13485.25,-0.4768,2,7,0,0,1000,41.178,0,0
21138.73,18327.57,0.1534,1,21,0,0,1255,9.523,1,0
8256.64,9162.58,-0.0989,3,8,0,0,554,10.6678,1,0
9219.36,11579.62,-0.2038,2,9,0,0,1421,30.2566,0,0
15916.68,13439.01,0.1844,3,20,0,0,716,4.966,0,0
17251.29,13394.01,0.288,0,20,0,0,471,11.4919,1,0
25940.05,19030.62,0.363,3,20,0,0,1061,15.3062,1,0
4410.41,6896.36,-0.3604,1,17,1,0,49,10.1293,1,0
10854.69,22183.36,-0.5107,3,15,0,0,731,28.8662,1,0
10300.48,8728.96,0.18,2,23,0,0,948,3.2211,1,0
5905.71,4481.29,0.3178,2,17,0,0,238,17.4468,1,0
29769.72,23526.66,0.2654,0,7,0,0,328,7.7858,1,0
4335.41,6492.58,-0.3322,2,11,0,0,1788,26.5539,0,0
3333.86,6001.42,-0.4444,0,11,0,0,1895,62.7211,1,0
16781.18,12829.15,0.308,3,23,0,0,1526,14.2768,0,0
8158.72,6357.88,0.2832,3,1,0,0,1038,17.4909,0,0
7117.12,8320.1,-0.1446,0,13,0,0,607,33.6733,0,0
8113.44,7041.26,0.1522,0,17,0,0,671,37.3998,1,0
20883.83,17740.86,0.1771,1,14,1,0,1915,14.2126,1,0
8449.38,11475.28,-0.2637,2,14,1,0,693,40.3655,1,0
5071.53,3947.68,0.2846,3,8,0,0,312,23.6995,1,0
5393.07,11239.78,-0.5201,0,5,0,0,179,66.6106,0,0
8484.75,8699.2,-0.0246,2,13,0,0,510,40.7561,0,0
5404.02,5716.37,-0.0546,3,6,0,0,700,14.3758,0,0
31784.4,21740.28,0.462,1,5,0,0,1969,7.807,1,0
6694.0,5179.46,0.2924,1,10,0,0,1645,45.6627,1,0
20599.45,19638.3,0.0489,2,14,0,0,614,16.3926,0,0
13863.15,18616.16,-0.2553,2,11,0,0,1408,20.0342,1,0
71307.33,4008.17,16.7863,7,5,1,0,356,0.553,1,1
5524.13,4303.84,0.2835,2,2,0,0,51,11.7989,1,0
13137.3,17183.07,-0.2354,0,23,0,0,1352,25.0294,0,0
12879.68,15106.69,-0.1474,3,12,0,0,588,13.2627,0,0
3875.01,4492.39,-0.1374,0,15,0,0,1513,80.3591,1,0
23641.72,18141.32,0.3032,3,15,0,0,738,10.7826,1,0
4901.6,3666.29,0.3368,2,12,0,0,1432,53.8337,0,0
14960.93,17881.36,-0.1633,3,22,0,0,536,7.9739,1,0
4327.96,5462.51,-0.2077,0,13,0,0,1974,69.0935,1,0
9603.89,8838.92,0.0865,2,7,0,0,1914,35.1703,0,0
23592.54,18345.32,0.286,2,11,0,0,1233,3.9433,1,0
6060.55,6363.14,-0.0475,0,7,0,0,1041,50.891,0,0
7828.91,11166.32,-0.2989,2,12,1,0,1905,45.3103,1,0
7583.53,12568.69,-0.3966,3,10,0,0,1421,5.5107,0,0
9836.1,9420.64,0.0441,0,16,0,0,527,17.0135,1,0
343179.12,13385.2,24.6369,6,10,1,1,229,0.1673,1,1
8330.01,9049.18,-0.0795,3,5,0,0,686,11.788,0,0
15286.84,20241.62,-0.2448,1,7,0,0,1150,17.0872,1,0
10318.25,21957.55,-0.5301,0,3,0,0,622,23.1988,1,0
18071.49,13886.33,0.3014,3,7,1,0,849,10.8611,0,0
16072.57,20221.64,-0.2052,2,13,1,0,751,14.887,1,0
12644.81,10802.98,0.1705,0,11,0,0,645,30.0003,0,0
2538.37,5784.83,-0.5611,0,13,0,0,288,14.6871,1,0
20241.37,19947.47,0.0147,3,10,0,0,1740,4.3478,1,0
16018.7,12066.59,0.3275,2,13,0,0,817,5.9786,1,0
968.91,4056.68,-0.761,0,13,1,0,1995,221.3184,1,0
8273.29,6730.3,0.2292,0,22,0,0,186,7.4751,1,0
17687.83,11447.12,0.5451,1,6,0,0,1891,7.5402,1,0
11425.63,14781.14,-0.227,3,10,0,0,826,27.818,1,0
11235.67,18661.97,-0.3979,1,14,0,0,1719,17.801,1,0
80123.91,8210.22,8.758,9,1,1,0,20,0.4433,1,1
4498.05,5925.78,-0.2409,0,7,0,0,1113,77.1071,0,0
25928.48,24056.13,0.0778,3,14,0,0,148,5.8798,1,0
6332.51,18342.94,-0.6547,1,12,0,0,156,19.6833,1,0
8980.97,11157.4,-0.195,2,11,0,0,835,37.309,1,0
13063.61,18814.41,-0.3056,1,7,0,0,1756,11.4149,0,0
24789.17,22197.54,0.1167,1,8,0,0,404,9.4936,1,0
14948.55,15628.06,-0.0435,3,17,0,0,1001,25.4611,0,0
26104.32,22636.59,0.1532,3,18,0,0,392,2.5626,1,0
15809.27,14601.42,0.0827,3,16,0,0,608,15.0872,0,0
6240.78,5119.34,0.219,3,17,0,0,1385,7.8626,0,0
18525.34,17198.75,0.0771,0,15,0,0,520,16.2466,0,0
22569.29,22095.6,0.0214,0,16,0,0,1966,16.6957,1,0
12467.44,12353.22,0.0092,3,3,0,0,1767,6.9645,0,0
6958.18,7117.35,-0.0224,2,10,0,0,461,55.2134,0,0
6262.35,4677.9,0.3386,1,8,1,0,449,37.4816,0,0
16897.3,20759.16,-0.186,3,9,0,0,270,10.7498,0,0
14426.25,19034.28,-0.2421,3,19,0,0,1192,26.3764,0,0
29381.07,21775.85,0.3492,1,12,0,0,1024,10.3484,0,0
11212.97,13858.21,-0.1909,0,10,0,0,882,29.0844,1,0
3011.99,15986.94,-0.8115,1,20,0,0,693,96.5158,1,0
9729.98,10843.44,-0.1027,1,6,0,0,1808,21.3067,0,0
1930.23,3685.09,-0.4761,3,2,0,0,1624,177.3448,1,0
4016.67,3228.71,0.244,3,8,0,0,1512,70.0127,1,0
7648.03,15406.05,-0.5035,2,16,0,0,1702,30.3755,0,0
8421.9,7519.21,0.12,3,15,0,0,1780,7.183,1,0
14175.85,15204.28,-0.0676,0,14,0,0,1798,10.8972,0,0
6097.46,6771.32,-0.0995,3,1,0,0,1896,54.7778,1,0
3152.14,3906.01,-0.193,1,7,0,0,834,66.8896,1,0
4290.88,5231.68,-0.1798,2,6,0,0,1565,37.3707,0,0
8890.78,9409.84,-0.0552,3,17,1,0,1561,13.8414,1,0
33536.05,24908.34,0.3464,0,10,0,0,860,1.0161,0,0
1911.14,3014.87,-0.366,1,23,1,0,1836,200.8498,1,0
2967.58,3851.94,-0.2295,2,9,0,0,496,124.3057,0,0
8108.19,9048.93,-0.1039,2,9,0,0,1201,35.0577,1,0
9073.57,5168.69,0.7553,3,17,0,0,111,12.196,0,0
11290.76,15706.32,-0.2811,1,9,0,0,1612,12.5697,0,0
201330.78,10002.81,19.1255,7,4,1,1,71,0.2309,1,1
15755.07,14946.68,0.0541,1,9,1,0,127,7.3787,1,0
13916.7,14540.39,-0.0429,1,9,0,0,1013,9.7193,1,0
8665.33,16598.0,-0.4779,0,17,0,0,1981,36.7951,1,0
7346.91,7771.22,-0.0546,3,11,0,0,1259,36.8266,0,0
16792.85,11286.51,0.4878,0,13,0,0,1888,9.7558,0,0
3454.46,16605.2,-0.7919,3,11,0,0,1791,91.0916,1,0
21863.23,19594.54,0.1158,0,14,0,0,193,6.8973,1,0
4187.97,4341.54,-0.0354,1,14,0,0,1657,22.8681,0,0
11141.31,9208.6,0.2099,3,16,0,0,681,2.8585,1,0
29187.57,22219.33,0.3136,2,20,0,0,1594,9.2688,1,0
27019.75,18538.8,0.4574,2,4,0,0,1196,1.6371,0,0
12055.25,13771.67,-0.1246,2,8,0,0,636,13.2296,1,0
5268.11,4637.69,0.1359,1,9,0,0,1310,21.8242,0,0
39441.67,23077.74,0.709,1,10,0,0,658,6.812,0,0
21244.75,23023.99,-0.0773,0,10,0,0,1837,15.5228,0,0
19022.73,17795.45,0.069,0,18,0,0,1837,6.7592,0,0
18666.11,20852.06,-0.1048,3,7,0,0,1642,7.1686,0,0
26614.4,22199.04,0.1989,0,10,0,0,1231,9.2742,0,0
12925.19,13454.8,-0.0394,2,9,0,0,1787,11.4797,1,0
12925.81,16912.84,-0.2357,0,11,0,0,1452,3.7671,1,0
16107.87,16908.25,-0.0473,1,6,1,0,474,19.9097,0,0
13635.57,13607.22,0.0021,1,17,0,0,404,22.2139,0,0
11130.16,12512.74,-0.1105,2,0,0,0,68,2.5302,0,0
8149.69,20857.18,-0.6092,2,19,1,0,558,18.4328,1,0
26477.67,20156.26,0.3136,2,15,0,0,1324,14.986,1,0
33993.37,19940.37,0.7047,0,2,0,0,1551,2.8753,1,0
10293.51,7869.12,0.3081,2,16,0,0,973,4.295,1,0
24367.96,15637.65,0.5583,1,7,0,0,661,6.3509,0,0
1328.82,3880.28,-0.6574,3,8,1,0,1272,218.7142,0,0
13921.84,18191.01,-0.2347,3,19,0,0,157,12.637,1,0
162233.47,4166.02,37.933,5,2,1,2,277,0.071,1,1
8722.45,10476.14,-0.1674,1,13,0,0,320,2.5586,1,0
21908.55,23193.4,-0.0554,1,12,1,0,1469,14.665,1,0
11528.42,18969.88,-0.3923,0,17,0,0,533,12.964,0,0
12763.67,23749.72,-0.4626,1,15,0,0,980,11.3315,1,0
9187.68,14650.38,-0.3728,1,22,0,0,138,30.3461,1,0
357364.84,13731.19,25.0239,3,11,1,3,88,0.1413,1,1
26945.92,15254.0,0.7664,2,23,1,0,1673,7.3832,1,0
86349.8,7933.62,9.8828,4,12,1,3,226,0.5229,1,1
17315.24,13872.54,0.2481,3,14,0,0,313,11.7167,1,0
3987.93,3341.66,0.1933,2,10,1,0,910,82.8165,0,0
5561.24,6489.32,-0.143,0,17,0,0,263,60.1593,1,0
18955.32,19571.56,-0.0315,0,6,1,0,89,14.2804,0,0
26453.7,19448.31,0.3602,0,15,0,0,1680,1.0884,0,0
9607.35,19559.02,-0.5088,3,6,0,0,484,40.2746,1,0
5472.35,5781.4,-0.0534,0,8,0,0,724,66.6941,1,0
21011.44,23720.59,-0.1142,2,10,1,0,1629,18.1103,1,0
3191.79,3537.08,-0.0976,3,17,1,0,120,34.2118,1,0
21282.56,23545.88,-0.0961,3,1,0,0,872,17.2361,0,0
20636.11,15121.88,0.3646,3,6,0,0,1194,10.372,1,0
3824.15,19724.57,-0.8061,2,8,0,0,58,87.944,1,0
8184.25,6765.07,0.2097,3,8,0,0,66,17.6186,1,0
4460.01,4107.72,0.0857,1,5,0,0,1203,38.8355,0,0
16315.4,20982.75,-0.2224,3,14,0,0,1592,14.5483,1,0
12368.03,11937.08,0.0361,2,6,0,0,1203,6.1211,0,0
27469.49,20824.62,0.3191,1,16,0,0,1802,12.4594,1,0
12068.6,21438.4,-0.437,2,17,0,0,1245,24.4893,0,0
27401.0,20711.58,0.323,1,14,0,0,1018,7.0748,0,0
38759.89,23930.62,0.6197,0,16,0,0,1310,2.801,1,0
2273.62,15631.36,-0.8545,0,16,0,0,554,139.0211,1,0
14676.76,16003.86,-0.0829,3,13,0,0,799,21.5803,1,0
33021.7,16003.38,1.0634,3,13,0,0,741,0.8601,0,0
23401.86,22735.45,0.0293,0,20,1,0,1847,16.7824,1,0
6594.42,5731.33,0.1506,1,5,0,0,1417,45.7514,0,0
21799.33,17067.39,0.2772,0,15,1,0,208,4.8082,1,0
10361.48,7793.83,0.3294,0,21,0,0,1942,27.6137,0,0
5600.92,15500.17,-0.6386,1,8,0,0,284,40.0247,1,0
11628.44,8734.84,0.3312,1,11,0,0,550,22.9514,1,0
3055.47,6290.06,-0.5142,1,11,0,0,1859,106.7093,1,0
6915.45,21994.11,-0.6855,3,14,1,0,803,17.5401,1,0
20190.39,15961.25,0.2649,2,18,0,0,1658,4.5771,0,0
4919.54,5111.04,-0.0375,0,14,0,0,1319,79.1008,1,0
10855.06,10916.89,-0.0057,0,10,0,0,1999,17.8373,1,0
15578.71,14603.9,0.0667,3,11,0,0,1630,24.4248,1,0
8362.15,14893.91,-0.4385,3,16,0,0,179,7.2192,0,0
14554.68,15019.77,-0.031,0,16,0,0,536,27.2138,0,0
19787.21,24435.11,-0.1902,3,8,0,0,1269,2.0419,1,0
5403.15,4893.72,0.1041,2,4,1,0,1578,64.7021,0,0
9321.12,14349.6,-0.3504,1,11,0,0,1077,25.0952,0,0
13860.78,12577.78,0.102,0,16,0,0,1743,7.9166,0,0
12696.02,15956.04,-0.2043,3,5,0,0,1319,9.8338,1,0
22639.63,18328.79,0.2352,2,2,0,0,76,6.2359,1,0
4383.9,3534.07,0.2404,3,16,0,0,1200,65.0142,0,0
14851.61,18195.35,-0.1838,3,6,0,0,1270,3.5518,0,0
3326.39,5178.48,-0.3576,0,15,0,0,940,114.6779,1,0
8638.94,14413.55,-0.4006,3,12,0,0,1444,21.921,1,0
16819.64,19839.57,-0.1522,3,22,0,0,1557,21.0723,1,0
31694.45,23642.04,0.3406,1,14,0,0,1938,2.1364,0,0
18455.15,20031.47,-0.0787,0,16,0,0,561,16.042,1,0
99926.96,3459.79,27.8743,7,1,1,2,138,0.1425,1,1
16587.13,15752.03,0.053,3,11,0,0,1765,14.944,0,0
13034.26,21368.98,-0.39,2,13,0,0,464,23.3962,1,0
15628.06,23908.32,-0.3463,2,11,0,0,532,4.0672,0,0
939.39,3830.62,-0.7546,2,16,0,0,1966,269.3634,1,0
24639.38,19101.89,0.2899,3,8,0,0,223,9.0048,0,0
5858.77,5200.99,0.1264,1,9,0,0,1292,43.588,1,0
11101.19,8931.39,0.2429,0,11,0,0,1285,19.6371,0,0
2755.0,10862.66,-0.7463,1,14,0,0,1946,52.2567,1,0
7818.72,8881.87,-0.1197,2,11,0,0,1728,5.6371,0,0
9675.05,7353.28,0.3157,0,14,0,0,668,39.8418,0,0
17929.96,13822.5,0.2971,2,0,0,0,629,17.1257,1,0
9360.8,9833.46,-0.0481,0,14,0,0,728,27.2407,1,0
13328.32,13897.87,-0.041,0,17,0,0,1486,6.6466,0,0
4099.39,3505.34,0.1694,1,20,1,0,436,56.6388,0,0
24078.81,20106.97,0.1975,1,13,0,0,1627,4.3301,1,0
10006.8,9407.7,0.0637,3,4,0,0,571,28.6912,1,0
13035.31,13570.26,-0.0394,2,15,0,0,1458,18.6963,1,0
9401.72,10076.09,-0.0669,2,9,0,0,1211,28.8537,0,0
9584.59,8139.45,0.1775,0,7,0,0,984,32.6172,0,0
27969.96,18115.02,0.544,1,13,0,0,1781,12.1417,0,0
20946.46,18907.44,0.1078,1,10,1,0,1060,5.978,0,0
232088.53,8388.05,26.6658,5,12,0,0,67,0.1261,1,1
12070.89,7763.97,0.5547,3,17,1,0,1570,21.2213,0,0
354867.03,14222.09,23.9501,9,4,0,2,396,0.1556,1,1
8143.57,24611.6,-0.6691,0,18,0,0,1371,33.2333,0,0
4993.79,3668.09,0.3613,0,16,0,0,1845,5.0955,1,0
21574.23,22580.95,-0.0446,0,13,0,0,1478,16.1788,0,0
19014.88,22148.66,-0.1415,0,14,0,0,1655,14.3917,1,0
14357.02,19788.67,-0.2745,3,12,0,0,77,14.5801,0,0
8188.11,12975.76,-0.3689,3,15,0,0,1607,48.6248,0,0
23292.13,20793.51,0.1202,3,5,0,0,396,15.409,0,0
14665.33,12535.58,0.1699,2,14,0,0,1655,8.1255,0,0
6181.74,7544.7,-0.1806,2,13,0,0,667,11.9351,1,0
16632.57,13521.39,0.2301,1,6,0,0,150,10.8372,1,0
2901.1,3388.55,-0.1438,0,10,0,0,1463,33.0328,1,0
6394.51,7095.47,-0.0988,0,13,1,0,871,32.3629,0,0
27272.01,19651.51,0.3878,0,7,0,0,262,2.9918,0,0
5081.28,4526.42,0.1226,2,13,0,0,680,22.3118,0,0
4990.43,5188.26,-0.0381,3,8,0,0,1953,24.8551,1,0
19792.73,21225.39,-0.0675,0,11,0,0,1595,5.2454,1,0
17852.84,14415.63,0.2384,3,16,0,0,579,12.3044,1,0
16100.93,18708.46,-0.1394,2,8,0,0,793,7.101,0,0
9834.21,8725.03,0.1271,0,7,0,0,1612,31.8537,1,0
20449.58,21890.61,-0.0658,2,21,0,0,1748,3.5801,1,0
129431.71,8312.34,14.5693,8,22,1,3,391,0.1076,1,1
12806.06,6060.96,1.1127,3,23,0,0,830,18.4205,0,0
11040.7,12434.26,-0.1121,0,22,0,0,462,34.8535,0,0
17902.33,13982.63,0.2803,3,9,1,0,1285,8.7707,1,0
8842.11,10643.62,-0.1692,3,15,0,0,1998,34.5614,0,0
12653.36,11364.19,0.1134,0,7,0,0,887,18.7743,0,0
9327.89,20628.77,-0.5478,0,16,0,0,1877,12.4578,0,0
25751.98,23861.32,0.0792,2,21,0,0,1482,7.48,0,0
4722.53,4386.23,0.0767,2,16,0,0,445,66.1417,1,0
22341.35,19788.57,0.129,1,18,0,0,1894,5.5348,0,0
33296.32,22723.64,0.4653,1,23,0,0,955,5.5174,0,0
11248.26,15993.11,-0.2967,3,6,0,0,1100,9.541,1,0
24546.78,17209.75,0.4263,0,15,0,0,1542,14.8696,1,0
14490.2,18109.3,-0.1998,3,15,0,0,1476,19.7041,0,0
23853.65,23907.81,-0.0023,0,17,0,0,709,6.6264,1,0
10120.92,6563.25,0.542,2,23,0,0,1694,16.3471,0,0
70592.02,8739.86,7.0762,6,2,1,1,8,0.7416,1,1
8367.13,6337.99,0.3201,1,6,0,0,1271,6.2581,1,0
1805.69,7279.55,-0.7518,0,8,0,0,248,206.6158,1,0
4877.2,5882.29,-0.1708,0,23,0,0,520,41.8577,1,0
26904.62,22950.67,0.1723,2,6,0,0,1188,11.8533,1,0
26382.75,22742.63,0.1601,2,14,0,0,121,6.155,0,0
11073.22,21649.23,-0.4885,1,4,0,0,142,4.0374,0,0
19879.11,24511.95,-0.189,1,14,0,0,1218,5.8408,0,0
17961.43,19841.21,-0.0947,0,18,0,0,371,3.25,1,0
8799.57,8334.94,0.0557,1,10,0,0,899,8.2227,0,0
28501.32,23315.01,0.2224,2,15,0,0,935,7.0948,1,0
26013.99,22460.87,0.1582,2,7,1,0,560,7.4997,0,0
4204.83,3709.86,0.1334,0,14,0,0,737,81.7605,0,0
13688.93,18030.03,-0.2408,0,15,0,0,660,26.7601,0,0
5166.07,4869.6,0.0609,0,13,0,0,1354,29.9789,0,0
7807.72,9214.46,-0.1526,3,11,0,0,1349,14.2042,1,0
1887.97,7663.51,-0.7535,1,8,0,0,714,30.8578,0,0
13293.23,24894.56,-0.466,1,11,0,0,328,9.5927,0,0
3649.32,5912.31,-0.3827,3,20,0,0,853,95.7216,1,0
6206.14,16937.55,-0.6335,3,7,0,0,1159,44.0992,0,0
14295.94,12093.83,0.1821,3,6,0,0,1638,10.4719,0,0
29028.85,19858.61,0.4618,0,16,0,0,275,11.9821,1,0
9444.37,7021.26,0.3451,1,12,0,0,1536,32.1363,0,0
8698.22,11784.17,-0.2619,3,19,0,0,744,5.4869,0,0
394105.92,9918.59,38.7302,8,9,0,0,75,0.0242,1,1
29002.59,24753.72,0.1716,1,15,0,0,453,10.5614,1,0
7954.65,9023.08,-0.1184,2,15,0,0,1517,32.5142,1,0
9517.76,11392.69,-0.1646,3,4,0,0,1329,2.3423,1,0
368242.94,13966.56,25.3642,4,5,1,1,138,0.0382,1,1
7005.47,9825.1,-0.287,0,9,0,0,1651,9.8483,0,0
2406.8,10743.66,-0.7759,1,11,0,0,1196,111.4152,1,0
9666.52,10478.44,-0.0775,0,23,0,0,449,13.4558,1,0
10454.51,12237.42,-0.1457,3,12,0,0,1869,4.3234,1,0
11763.85,18807.98,-0.3745,0,14,0,0,883,11.1079,0,0
389233.22,10962.84,34.5016,6,4,1,3,292,0.1196,1,1
7585.17,19791.03,-0.6167,3,2,0,0,83,18.3707,0,0
5740.77,11075.82,-0.4816,1,8,0,0,1198,42.0113,0,0
61400.54,5996.37,9.2381,6,23,1,3,189,0.6333,1,1
25131.22,24027.66,0.0459,1,16,0,0,1432,1.715,1,0
8581.6,10768.66,-0.2031,2,7,0,0,1480,43.2468,1,0
16901.85,14741.17,0.1466,1,13,1,0,825,18.3602,0,0
17956.44,14501.17,0.2383,2,10,0,0,1567,17.0832,0,0
183293.55,5486.63,32.4014,6,6,0,3,142,0.2483,1,1
10700.46,11812.32,-0.0941,3,15,0,0,347,4.0758,1,0
23904.12,22770.07,0.0498,0,9,0,0,1902,7.9253,0,0
12831.32,18063.02,-0.2896,3,14,0,0,159,30.6033,1,0
188098.79,11178.38,15.8256,4,7,1,0,253,0.0351,1,1
7114.54,16518.04,-0.5693,3,0,0,0,1408,39.162,1,0
9446.42,19063.56,-0.5045,2,14,0,0,299,40.7695,1,0
16943.59,19698.48,-0.1398,1,3,1,0,1120,21.0005,0,0
14030.01,12292.05,0.1414,0,18,0,0,1066,26.3023,0,0
26009.81,23738.88,0.0957,3,11,0,0,1851,8.0805,0,0
6162.74,5833.95,0.0563,0,5,0,0,641,37.9232,0,0
12143.57,15336.6,-0.2082,3,5,0,0,1968,7.9128,0,0
13718.76,11933.65,0.1496,2,12,0,0,467,7.2792,1,0
12100.65,12498.2,-0.0318,1,23,0,0,1313,14.5386,0,0
19474.54,24282.45,-0.198,3,22,0,0,492,16.7188,1,0
21846.62,12318.66,0.7734,1,9,0,0,1077,7.9123,1,0
7413.9,13748.39,-0.4607,0,16,0,0,1378,39.2756,1,0
4043.25,5132.48,-0.2122,3,11,1,0,140,45.4471,1,0
16730.48,17814.99,-0.0609,0,7,0,0,1446,10.165,0,0
15483.49,16789.84,-0.0778,0,19,0,0,1859,18.5659,1,0
28592.41,20407.72,0.401,0,14,1,0,1456,4.0477,0,0
4951.36,6353.29,-0.2206,3,12,1,0,1228,57.9496,0,0
21405.94,18405.93,0.163,1,3,0,0,1823,9.4428,0,0
11251.67,15480.46,-0.2732,3,7,0,0,941,33.9808,0,0
6496.91,7656.56,-0.1514,3,12,1,0,734,18.249,1,0
8268.91,11012.61,-0.2491,2,10,0,0,979,4.6659,1,0
2926.78,3209.14,-0.088,0,6,0,0,44,93.1841,0,0
22848.31,19005.99,0.2022,0,20,0,0,1341,13.8013,0,0
21022.63,18049.5,0.1647,0,15,0,0,1729,18.2924,1,0
13657.52,15181.63,-0.1004,3,7,0,0,1984,23.8803,0,0
12073.5,16735.91,-0.2786,3,17,1,0,202,12.5219,0,0
3587.43,6759.16,-0.4692,3,9,0,0,1831,82.9359,0,0
34123.5,19991.6,0.7069,0,18,0,0,939,11.1025,1,0
22932.63,20835.46,0.1006,2,19,0,0,906,10.6137,0,0
28381.18,14536.48,0.9523,2,17,0,0,842,3.9309,0,0
3429.19,6186.1,-0.4456,1,16,0,0,1516,29.996,1,0
18509.34,24935.73,-0.2577,3,9,1,0,213,6.5465,0,0
24525.75,22733.32,0.0788,2,19,0,0,908,8.9036,0,0
104970.06,9637.64,9.8907,5,13,1,1,296,0.5175,1,1
17543.24,16081.57,0.0909,3,14,0,0,1436,19.5426,1,0
7429.31,22040.83,-0.6629,3,11,0,0,670,23.8549,0,0
12711.92,15263.79,-0.1672,3,4,0,0,471,9.6457,0,0
227129.49,6014.47,36.7577,7,4,0,2,96,0.1172,1,1
16647.76,17107.24,-0.0269,1,6,0,0,533,14.327,1,0
5626.66,7706.96,-0.2699,0,7,0,0,1883,35.0148,1,0
22907.13,24516.47,-0.0656,3,10,0,0,506,1.1658,1,0
18449.96,13261.67,0.3912,1,11,0,0,192,18.4729,0,0
6506.56,6469.37,0.0057,2,21,1,0,1310,8.4106,0,0
14227.19,20191.8,-0.2954,0,12,0,0,635,3.7337,0,0
1879.47,3280.17,-0.4269,2,1,1,0,1834,106.5418,0,0
25623.93,17102.27,0.4982,0,10,0,0,137,11.4044,1,0
16060.29,16911.34,-0.0503,0,12,0,0,1073,4.0046,0,0
2890.4,3426.74,-0.1565,2,5,0,0,1264,105.5105,1,0
24692.35,19107.26,0.2923,3,15,1,0,76,4.6562,1,0
18270.01,17520.73,0.0428,2,19,1,0,601,9.3819,0,0
28281.42,20456.61,0.3825,0,23,0,0,564,3.8608,0,0
9462.15,11300.4,-0.1627,3,8,0,0,1250,21.0779,0,0
3780.26,8005.95,-0.5278,3,7,0,0,1299,10.4502,1,0
23844.15,22429.67,0.0631,2,23,0,0,165,7.6421,0,0
9006.87,7302.06,0.2334,2,18,0,0,1795,42.2467,0,0
3511.0,5169.14,-0.3207,3,13,0,0,526,86.0362,0,0
10781.46,18734.39,-0.4245,3,17,0,0,908,10.5052,0,0
13842.91,10289.0,0.3454,0,12,0,0,78,26.0529,1,0
30769.44,20339.0,0.5128,0,22,0,0,1316,11.1746,1,0
10978.71,8920.68,0.2307,1,19,0,0,1256,7.2932,1,0
12120.9,10416.57,0.1636,0,8,1,0,1662,7.6735,1,0
18105.94,21155.17,-0.1441,0,6,0,0,332,16.4903,0,0
7813.24,10910.8,-0.2839,3,17,0,0,1655,23.1149,0,0
17987.94,20940.23,-0.141,2,14,0,0,1719,6.262,0,0
16183.24,17185.06,-0.0583,0,18,0,0,646,2.8665,0,0
19197.98,24497.93,-0.2163,1,19,0,0,1205,15.5389,0,0
14727.91,12230.6,0.2042,0,11,0,0,673,23.1793,0,0
10225.97,11701.58,-0.1261,2,17,1,0,708,28.6274,0,0
14552.18,13070.28,0.1134,2,6,0,0,152,8.4163,0,0
14630.97,15554.04,-0.0593,3,15,1,0,1123,18.6933,0,0
10017.95,8543.91,0.1725,1,10,0,0,319,34.2945,1,0
16320.65,12853.9,0.2697,3,10,0,0,1036,11.1509,0,0
19368.44,20749.56,-0.0666,2,16,1,0,1159,2.9069,0,0
31054.01,23412.38,0.3264,1,11,0,0,616,5.4938,0,0
15498.44,19320.62,-0.1978,2,17,1,0,648,17.3153,0,0
12753.04,10302.34,0.2379,3,20,0,0,412,28.0699,0,0
15427.12,14073.24,0.0962,3,15,1,0,1134,4.1908,1,0
11762.91,8577.81,0.3713,2,9,0,0,1090,16.5188,1,0
11879.0,8478.67,0.401,0,16,0,0,1269,29.0684,0,0
31818.75,22845.93,0.3927,2,11,0,0,1716,4.3275,0,0
21993.56,24299.37,-0.0949,2,6,0,0,1928,14.5986,1,0
13527.17,18319.79,-0.2616,0,20,1,0,1843,19.9068,0,0
19432.25,18822.84,0.0324,3,16,1,0,300,19.8071,1,0
5423.19,6301.39,-0.1393,2,12,0,0,1070,18.5027,1,0
10408.14,9751.69,0.0673,2,18,0,0,65,26.0439,0,0
5399.55,12000.96,-0.55,1,5,0,0,1588,34.9341,0,0
12973.24,17219.22,-0.2466,0,15,0,0,1579,26.0291,1,0
598.04,6395.95,-0.9064,3,15,1,0,1775,248.1507,1,0
4052.42,4074.77,-0.0055,1,10,0,0,211,66.9988,0,0
12308.78,12924.82,-0.0477,2,8,1,0,797,3.2688,0,0
7379.79,6160.71,0.1978,2,23,0,0,788,53.5781,1,0
14492.65,15019.84,-0.0351,3,22,0,0,64,5.9097,1,0
13110.81,18724.33,-0.2998,0,2,0,0,457,13.5509,0,0
17968.89,14977.4,0.1997,0,8,0,0,1966,10.059,1,0
15628.67,15583.94,0.0029,2,9,0,0,1223,2.2626,0,0
4315.29,6899.18,-0.3745,0,23,0,0,1399,85.3442,0,0
8555.99,17193.51,-0.5023,0,7,0,0,1211,30.9323,1,0
34041.02,23641.98,0.4398,3,15,0,0,1376,3.2801,1,0
20943.88,23835.34,-0.1213,2,12,0,0,1739,17.8759,0,0
7371.2,10731.19,-0.3131,0,7,0,0,173,29.0178,0,0
17840.36,15838.64,0.1264,0,19,0,0,641,20.0647,0,0
211685.12,8114.39,25.0845,4,1,1,0,176,0.1308,1,1
18449.24,17297.68,0.0666,3,10,0,0,144,1.7366,1,0
19797.92,15563.82,0.272,2,17,0,0,1275,6.1682,0,0
5533.46,6980.22,-0.2072,2,12,0,0,1573,53.0455,0,0
13985.89,10117.84,0.3823,3,11,1,0,1246,20.6571,1,0
14151.15,11912.25,0.1879,2,20,0,0,1827,8.0928,0,0
29839.21,20342.68,0.4668,3,1,1,0,353,1.2553,0,0
9054.05,11812.34,-0.2335,0,7,1,0,40,31.4611,1,0
20356.58,16527.29,0.2317,0,12,0,0,1056,7.2763,0,0
2825.43,3791.63,-0.2548,3,11,0,0,1961,52.2006,0,0
22145.07,22505.1,-0.016,1,22,0,0,315,17.4654,0,0
10452.53,6183.14,0.6904,2,17,0,0,1804,6.6386,0,0
7360.08,6463.52,0.1387,0,15,0,0,275,12.3098,1,0
915.93,17583.29,-0.9479,2,2,0,0,342,340.3206,0,0
8013.09,6325.92,0.2667,0,16,1,0,926,35.2194,1,0
32456.77,22719.93,0.4285,1,10,0,0,1797,5.8545,1,0
8065.15,15018.01,-0.4629,2,14,0,0,534,34.32,0,0
6157.37,16468.94,-0.6261,0,12,0,0,1150,30.0853,0,0
5533.91,5061.2,0.0934,1,13,1,0,399,62.8184,1,0
21746.02,20133.54,0.0801,1,9,0,0,163,6.7816,0,0
22445.33,20361.16,0.1024,3,15,0,0,1608,14.1547,0,0
18145.75,15339.99,0.1829,1,9,1,0,1953,16.2362,1,0
22563.17,17134.66,0.3168,0,21,1,0,1603,2.3317,0,0
15522.21,22391.71,-0.3068,1,19,0,0,277,6.1379,0,0
14065.81,22469.99,-0.374,0,10,0,0,427,28.2324,1,0
5977.81,11136.08,-0.4632,0,6,0,0,1801,24.474,1,0
14669.23,20714.37,-0.2918,2,19,0,0,496,4.6932,0,0
18068.61,21952.82,-0.1769,2,7,0,0,522,6.5987,1,0
4811.02,6467.54,-0.2561,0,8,1,0,333,59.1879,0,0
29053.57,21544.02,0.3486,2,14,0,0,1402,9.9008,0,0
5355.99,6921.46,-0.2261,1,22,0,0,767,52.7862,1,0
19434.14,13335.88,0.4572,2,10,0,0,352,5.1316,0,0
19117.21,19317.26,-0.0104,0,7,1,0,1101,15.1166,1,0
22875.55,19232.9,0.1894,0,19,0,0,811,7.2788,1,0
17870.2,22390.59,-0.2019,1,9,1,0,632,10.0213,0,0
14594.17,15092.62,-0.033,3,22,0,0,1404,3.9271,1,0
3820.77,6463.78,-0.4088,3,10,0,0,1230,104.347,0,0
22001.92,19194.89,0.1462,0,7,0,0,1182,6.7531,1,0
11523.13,12262.15,-0.0603,0,3,0,0,922,9.7533,1,0
25915.67,20161.05,0.2854,0,19,0,0,201,12.1395,0,0
12397.24,8552.77,0.4494,0,15,0,0,876,28.1222,0,0
6407.71,6995.28,-0.084,2,17,0,0,279,56.2306,1,0
17358.33,20808.73,-0.1658,3,19,0,0,325,15.6196,1,0
3095.21,4936.91,-0.373,3,10,0,0,438,55.9682,1,0
30947.22,19887.59,0.5561,1,11,0,0,1448,12.2246,0,0
21166.6,23162.54,-0.0862,0,6,0,0,383,9.7628,1,0
6406.03,5733.82,0.1172,0,8,0,0,2000,36.0856,1,0
22518.1,17776.1,0.2667,2,21,0,0,999,13.1961,1,0
23471.66,19841.66,0.1829,3,9,0,0,161,14.5176,1,0
7881.36,7003.19,0.1254,3,12,1,0,1732,49.1198,0,0
9674.94,8253.3,0.1722,3,7,0,0,1598,30.3827,1,0
23758.02,18131.62,0.3103,3,8,1,0,1230,15.3785,0,0
17787.93,21256.39,-0.1632,0,11,0,0,1025,10.3026,0,0
13343.92,23666.62,-0.4362,2,13,0,0,233,12.9776,1,0
35498.64,23411.85,0.5162,2,15,0,0,1864,6.4095,0,0
181691.43,9292.64,18.5502,8,19,1,2,16,0.0839,1,1
9870.03,11245.97,-0.1223,3,9,0,0,1616,20.1284,1,0
21411.47,19205.59,0.1149,1,14,0,0,860,14.3733,1,0
27638.42,4081.21,5.7707,6,11,0,2,5,1.292,1,1
16401.21,24351.45,-0.3265,1,12,0,0,525,21.1206,0,0
16911.81,17165.07,-0.0148,0,7,0,0,799,19.6342,0,0
8014.58,9749.47,-0.1779,2,7,0,0,640,31.626,0,0
8955.99,7392.85,0.2114,0,12,0,0,1637,14.613,0,0
22343.04,21819.9,0.024,2,13,1,0,764,2.5848,0,0
10213.51,7928.47,0.2882,2,10,0,0,1816,36.9508,1,0
14855.97,19127.49,-0.2233,3,22,0,0,819,4.2577,1,0
26095.4,21045.96,0.2399,3,19,0,0,915,12.7313,0,0
151652.22,8522.58,16.7922,4,21,1,0,12,0.3492,1,1
7654.78,8134.08,-0.0589,2,5,0,0,1546,15.4727,1,0
4110.18,4702.39,-0.1259,1,10,0,0,74,82.934,0,0
30378.19,20729.74,0.4654,2,1,0,0,665,12.6579,1,0
24417.34,20212.16,0.208,1,15,0,0,328,14.8432,1,0
18055.84,24929.38,-0.2757,0,12,1,0,1932,1.4846,0,0
20027.29,17762.52,0.1275,0,8,0,0,125,3.5116,1,0
8362.31,7542.55,0.1087,2,11,0,0,1002,41.9416,0,0
19589.68,12524.89,0.564,3,15,0,0,94,15.758,0,0
17997.34,24979.06,-0.2795,3,13,0,0,262,18.5967,1,0
3035.58,13228.79,-0.7705,3,12,1,0,956,112.5157,0,0
7286.64,20036.48,-0.6363,3,7,0,0,1724,20.5101,0,0
111745.46,12521.42,7.9237,6,3,1,3,56,0.224,1,1
7002.34,18008.42,-0.6111,2,19,1,0,117,30.3081,1,0
6158.25,6368.15,-0.033,1,10,0,0,81,14.5969,1,0
20235.08,21737.69,-0.0691,0,9,0,0,1566,16.5881,0,0
6459.66,6002.57,0.0761,3,12,0,0,1153,42.5208,1,0
4519.84,4835.74,-0.0653,1,22,0,0,1159,27.427,1,0
12699.58,10012.47,0.2683,2,10,0,0,161,7.5504,0,0
10114.44,14319.91,-0.2937,1,7,0,0,1499,12.5262,1,0
20421.24,19561.43,0.044,3,11,0,0,135,6.2701,0,0
3862.07,3303.46,0.1691,3,12,0,0,1056,98.4963,1,0
26939.15,18656.64,0.4439,1,16,0,0,842,12.7631,0,0
21540.97,16874.27,0.2765,2,17,0,0,370,7.9498,0,0
16659.79,9069.39,0.8368,0,15,0,0,1252,19.9986,1,0
30140.78,17212.18,0.7511,2,7,0,0,1061,9.2618,1,0
390264.05,10059.85,37.7904,5,19,1,2,92,0.1251,1,1
23013.31,18256.08,0.2606,3,7,0,0,1639,14.2053,0,0
19613.69,22526.91,-0.1293,0,14,0,0,1504,9.3028,0,0
26807.63,21816.99,0.2287,2,7,0,0,1402,7.1729,0,0
7853.16,12355.38,-0.3644,2,14,0,0,1822,45.7573,0,0
4955.13,9320.37,-0.4683,1,12,0,0,1861,30.2569,1,0
5334.1,5009.44,0.0648,0,9,1,0,136,15.4882,0,0
20359.35,13258.98,0.5355,1,9,0,0,1667,12.6246,0,0
25542.44,18114.88,0.41,1,13,0,0,1468,9.4891,0,0
22553.69,17165.85,0.3139,1,16,1,0,1063,3.51,1,0
7727.11,5070.39,0.5239,2,12,0,0,589,20.7256,0,0
1639.5,3576.94,-0.5415,2,22,0,0,675,192.7442,1,0
7256.59,12594.77,-0.4238,0,7,0,0,294,52.6248,0,0
24996.38,22482.94,0.1118,0,14,0,0,1903,6.3073,0,0
18417.29,22603.05,-0.1852,1,12,1,0,1881,18.6486,1,0
14555.14,19404.64,-0.2499,2,12,0,0,1061,13.8068,0,0
19972.56,11659.67,0.7129,0,21,1,0,1767,19.249,0,0
18060.43,17556.55,0.0287,1,10,0,0,1588,3.5874,0,0
17223.11,22129.57,-0.2217,3,11,0,0,1302,22.5786,0,0
18250.44,15400.13,0.1851,1,11,0,0,1643,14.5826,0,0
3941.01,6540.58,-0.3974,2,6,0,0,1636,32.7026,0,0
12161.98,18806.18,-0.3533,1,17,0,0,1057,29.2751,1,0
10206.79,15422.75,-0.3382,3,16,0,0,1635,24.7375,1,0
6347.87,9439.04,-0.3275,2,9,0,0,243,42.2729,0,0
18707.75,11412.94,0.6391,1,17,0,0,931,12.4041,1,0
16464.81,12455.31,0.3219,0,20,0,0,541,22.7486,1,0
3418.66,6875.01,-0.5027,3,12,0,0,1243,74.29,0,0
8579.88,13223.43,-0.3511,1,18,0,0,1287,24.569,1,0
25401.51,23944.19,0.0609,3,0,0,0,185,7.5077,1,0
9720.72,12720.49,-0.2358,3,17,0,0,1081,21.1644,0,0
7686.75,11696.71,-0.3428,1,16,1,0,1828,8.6802,0,0
3621.71,12197.76,-0.703,0,14,0,0,1095,82.4127,0,0
6816.72,5877.48,0.1598,2,14,1,0,530,41.6348,1,0
14182.7,12725.0,0.1145,0,23,0,0,774,26.1696,1,0
289.35,5597.31,-0.9481,2,7,0,0,934,337.6833,1,0
16736.12,9836.5,0.7014,3,6,1,0,1899,1.5054,0,0
24083.0,18315.77,0.3149,1,3,1,0,492,10.0895,1,0
957.08,13960.43,-0.9314,1,14,0,0,1855,59.3343,0,0
3540.32,3326.93,0.0641,1,8,0,0,892,40.3898,1,0
17719.76,19256.6,-0.0798,2,11,0,0,1544,15.0208,1,0
4904.2,5800.33,-0.1545,3,15,1,0,1290,36.6488,1,0
17571.36,11820.66,0.4865,2,12,0,0,672,3.9274,0,0
2114.94,3382.6,-0.3746,2,18,0,0,372,131.581,1,0
21389.54,23093.78,-0.0738,1,7,1,0,1530,9.5094,1,0
7871.12,8283.13,-0.0497,2,21,0,0,1785,6.2452,1,0
18202.79,23014.18,-0.2091,1,14,0,0,444,5.4147,1,0
28886.14,22609.3,0.2776,1,17,0,0,278,11.8917,1,0
24527.94,19461.32,0.2603,2,12,0,0,838,1.5204,1,0
19432.83,19367.1,0.0034,1,6,0,0,592,19.3215,0,0
4676.97,5620.95,-0.1679,3,11,0,0,392,40.8391,1,0
7929.79,7284.42,0.0886,1,15,0,0,1371,35.9877,0,0
146779.3,6856.71,20.4037,9,11,1,3,329,0.324,1,1
7568.16,8298.26,-0.088,1,8,0,0,971,48.4697,0,0
9301.18,10394.85,-0.1052,3,16,0,0,1913,29.8934,0,0
12258.03,12318.67,-0.0049,2,7,0,0,1475,25.5343,0,0
11624.84,15680.47,-0.2586,3,13,0,0,338,17.3042,0,0
17071.72,15264.81,0.1184,2,19,1,0,437,10.3363,1,0
9963.76,10563.95,-0.0568,1,17,0,0,1397,39.2457,0,0
2749.75,3708.78,-0.2585,0,8,0,0,1246,136.6065,0,0
5478.8,6089.37,-0.1003,1,7,0,0,1458,16.7037,0,0
28426.04,23940.52,0.1874,1,17,1,0,1065,7.1816,1,0
19738.22,19812.06,-0.0037,2,14,0,0,468,9.3025,0,0
8375.06,14720.26,-0.431,0,8,0,0,585,30.3507,1,0
4267.16,8798.26,-0.5149,2,13,0,0,1449,88.1013,0,0
18589.74,10369.97,0.7926,2,8,0,0,1379,14.8955,0,0
16407.24,18501.84,-0.1132,0,14,1,0,662,1.5267,0,0
10143.43,7507.64,0.351,2,23,0,0,612,2.3407,0,0
14462.33,16323.3,-0.114,1,8,0,0,192,17.4716,1,0
3542.93,4463.01,-0.2061,3,9,0,0,1782,85.0004,1,0
15908.91,20368.84,-0.2189,3,23,0,0,331,12.6219,1,0
9487.12,10947.51,-0.1334,3,6,0,0,1259,5.4019,1,0
14595.93,19460.14,-0.2499,1,11,1,0,869,4.3748,0,0
7260.52,8236.1,-0.1184,3,8,0,0,863,9.6782,0,0
12056.83,10283.46,0.1724,3,23,0,0,1359,10.9106,0,0
6507.14,7614.26,-0.1454,2,12,0,0,1388,49.5299,1,0
18909.38,15450.44,0.2239,0,21,0,0,1735,14.8386,1,0
271549.58,13101.17,19.7256,8,15,1,2,332,0.1641,1,1
18363.08,23340.17,-0.2132,1,9,0,0,1840,17.0515,1,0
15227.37,20918.88,-0.2721,0,9,0,0,1725,1.8999,1,0
25142.83,17916.42,0.4033,3,7,0,0,1867,13.3461,0,0
24721.4,22515.02,0.098,3,2,1,0,1765,5.3272,0,0
11726.06,10433.32,0.1239,2,2,1,0,509,23.6932,1,0
3050.03,6654.56,-0.5416,2,16,0,0,1177,85.49,0,0
3953.37,15174.97,-0.7394,0,17,0,0,800,8.9687,1,0
11959.05,11940.61,0.0015,3,1,0,0,1936,11.8549,0,0
22828.85,16359.44,0.3954,0,17,0,0,667,13.3252,0,0
20181.43,14405.67,0.4009,3,14,0,0,446,12.7141,0,0
4175.3,6131.91,-0.319,1,7,1,0,900,25.4048,1,0
32662.46,21844.96,0.4952,0,23,0,0,66,5.8134,0,0
8009.02,13208.33,-0.3936,1,10,0,0,1001,47.4825,0,0
18353.22,14830.8,0.2375,1,12,0,0,121,10.071,1,0
7183.26,11720.13,-0.3871,0,6,0,0,1453,30.4292,1,0
7204.59,7302.33,-0.0134,0,10,0,0,980,27.5395,0,0
211596.19,8612.73,23.5651,6,1,1,0,342,0.2774,1,1
3238.65,4119.94,-0.2139,2,21,0,0,1134,119.9194,1,0
1567.44,3492.44,-0.551,2,16,0,0,192,243.0033,1,0
2710.81,5489.61,-0.5061,2,23,0,0,818,27.6471,0,0
17241.02,13945.51,0.2363,2,17,0,0,191,21.531,0,0
7568.62,13896.89,-0.4553,2,13,0,0,1586,16.0904,1,0
23962.42,17982.36,0.3325,0,9,0,0,716,5.3236,1,0
25692.41,22559.26,0.1389,0,13,0,0,121,8.0076,0,0
13273.5,10002.86,0.3269,0,8,0,0,1753,18.1737,1,0
8733.47,11651.33,-0.2504,0,3,0,0,1837,27.6686,1,0
18726.19,19942.88,-0.061,1,11,1,0,91,15.2301,0,0
26775.81,22362.99,0.1973,3,2,0,0,324,10.0393,1,0
11393.67,13398.53,-0.1496,2,9,0,0,851,16.8459,0,0
6317.71,6854.8,-0.0783,1,20,0,0,880,21.4017,0,0
3322.06,5811.46,-0.4283,0,15,0,0,771,86.389,0,0
447163.18,14464.1,29.9133,8,20,0,2,121,0.1095,1,1
18695.82,21190.08,-0.1177,2,6,0,0,1716,15.0009,0,0
2774.55,3186.44,-0.1292,3,10,0,0,1562,96.1998,0,0
9274.93,20869.46,-0.5555,1,23,0,0,1101,7.345,1,0
13685.54,10910.15,0.2544,0,12,0,0,1435,8.0221,1,0
10191.0,9632.26,0.058,1,2,0,0,1695,10.5379,1,0
16092.32,23901.51,-0.3267,1,1,0,0,1532,22.3051,0,0
3275.7,3734.02,-0.1227,2,16,0,0,300,111.5936,1,0
22120.26,15540.61,0.4234,0,17,0,0,1411,10.4919,0,0
21136.54,22158.68,-0.0461,1,10,1,0,1858,3.6568,1,0
13836.96,13725.37,0.0081,0,23,0,0,1719,22.8456,0,0
4088.01,5445.46,-0.2492,1,8,0,0,173,90.4032,0,0
24163.55,19116.86,0.264,3,12,0,0,1148,16.0673,0,0
15190.65,20462.18,-0.2576,1,15,0,0,1389,25.3255,1,0
12783.76,9795.05,0.3051,1,8,0,0,188,24.3367,0,0
262389.52,6833.22,37.3936,8,11,0,2,17,0.0523,1,1
7420.1,17252.26,-0.5699,2,8,0,0,55,14.4625,0,0
19451.69,16465.18,0.1814,0,12,0,0,1942,3.1633,1,0
229004.89,6262.82,35.5601,9,23,1,1,1,0.2271,1,1
17624.52,19237.82,-0.0839,3,12,0,0,321,22.3303,1,0
